order_id,date,item_name,item_type,item_price,quantity,transaction_amount,transaction_type,received_by,time_of_sale
143,18-09-2022,Frankie,Fastfood,50.0,8,400,Cash,Mrs.,Afternoon
213,29-09-2022,Vadapav,Fastfood,20.0,3,60,Cash,Mrs.,Midnight
343,18-01-2023,Sugarcane juice,Beverages,25.0,5,125,Cash,Mr.,Afternoon
831,08-01-2022,Frankie,Fastfood,50.0,5,250,Online,Mrs.,Morning
972,03-11-2023,Aalopuri,Fastfood,20.0,1,20,Cash,Mrs.,Afternoon
6,14-11-2022,Vadapav,Fastfood,20.0,10,200,Cash,Mr.,Evening
21,21-12-2022,Cold coffee,Beverages,40.0,15,600,Cash,Mr.,Evening
36,07-02-2022,Cold coffee,Beverages,40.0,10,400,Online,Mr.,Afternoon
53,26-07-2022,Aalopuri,Fastfood,20.0,13,260,Cash,Mr.,Afternoon
54,28-12-2022,Panipuri,Fastfood,20.0,14,280,Online,Mrs.,Morning
55,05-07-2022,Sandwich,Fastfood,60.0,10,600,Cash,Mr.,Night
77,02-04-2023,Sugarcane juice,Beverages,25.0,12,300,Cash,Mrs.,Midnight
97,29-03-2023,Cold coffee,Beverages,40.0,13,520,Online,Mr.,Evening
103,14-03-2023,Cold coffee,Beverages,40.0,8,320,Online,Mrs.,Midnight
112,24-02-2023,Sandwich,Fastfood,60.0,7,420,Cash,Mr.,Morning
130,28-12-2022,Sugarcane juice,Beverages,25.0,7,175,Cash,Mr.,Night
161,19-01-2023,Sugarcane juice,Beverages,25.0,12,300,Cash,Mr.,Evening
171,03-02-2023,Vadapav,Fastfood,20.0,11,220,Cash,Mrs.,Midnight
178,12-09-2022,Aalopuri,Fastfood,20.0,2,40,Cash,Mrs.,Morning
190,26-04-2022,Cold coffee,Beverages,40.0,1,40,Online,Mr.,Evening
233,31-07-2022,Panipuri,Fastfood,20.0,5,100,Cash,Mr.,Morning
254,10-09-2022,Cold coffee,Beverages,40.0,12,480,Cash,Mrs.,Afternoon
274,01-04-2023,Sugarcane juice,Beverages,25.0,10,250,Online,Mr.,Night
293,21-04-2022,Panipuri,Fastfood,20.0,8,160,Online,Mrs.,Morning
308,17-12-2022,Sandwich,Fastfood,60.0,13,780,Online,Mr.,Evening
324,18-07-2022,Sugarcane juice,Beverages,25.0,15,375,Online,Mrs.,Night
325,03-02-2023,Aalopuri,Fastfood,20.0,12,240,Cash,Mrs.,Afternoon
340,06-02-2022,Cold coffee,Beverages,40.0,4,160,Cash,Mrs.,Evening
341,19-03-2023,Frankie,Fastfood,50.0,9,450,Cash,Mrs.,Evening
365,07-08-2022,Panipuri,Fastfood,20.0,10,200,Online,Mr.,Night
380,20-10-2022,Sandwich,Fastfood,60.0,5,300,Online,Mrs.,Afternoon
398,13-01-2023,Panipuri,Fastfood,20.0,6,120,Online,Mr.,Evening
427,21-05-2022,Sandwich,Fastfood,60.0,2,120,Online,Mr.,Afternoon
428,24-12-2022,Sugarcane juice,Beverages,25.0,8,200,Online,Mr.,Afternoon
453,20-10-2022,Sandwich,Fastfood,60.0,1,60,Online,Mrs.,Midnight
471,13-02-2023,Panipuri,Fastfood,20.0,7,140,Cash,Mrs.,Afternoon
489,02-03-2023,Frankie,Fastfood,50.0,13,650,Online,Mrs.,Evening
503,11-04-2022,Aalopuri,Fastfood,20.0,13,260,Cash,Mrs.,Morning
520,04-03-2022,Panipuri,Fastfood,20.0,11,220,Online,Mrs.,Night
541,30-07-2022,Panipuri,Fastfood,20.0,12,240,Cash,Mr.,Night
553,11-11-2022,Panipuri,Fastfood,20.0,14,280,Cash,Mr.,Evening
554,03-09-2023,Panipuri,Fastfood,20.0,4,80,Cash,Mrs.,Afternoon
555,16-04-2022,Sandwich,Fastfood,60.0,6,360,Cash,Mrs.,Evening
556,27-02-2023,Vadapav,Fastfood,20.0,9,180,Cash,Mrs.,Night
574,22-10-2022,Aalopuri,Fastfood,20.0,1,20,Cash,Mrs.,Night
589,25-08-2022,Cold coffee,Beverages,40.0,5,200,Cash,Mr.,Night
603,31-08-2022,Vadapav,Fastfood,20.0,10,200,Cash,Mrs.,Afternoon
617,28-06-2022,Sugarcane juice,Beverages,25.0,2,50,Cash,Mr.,Night
631,07-01-2022,Cold coffee,Beverages,40.0,13,520,Cash,Mrs.,Evening
654,03-04-2023,Vadapav,Fastfood,20.0,9,180,Cash,Mrs.,Morning
674,17-07-2022,Sugarcane juice,Beverages,25.0,13,325,Cash,Mr.,Morning
690,10-05-2022,Vadapav,Fastfood,20.0,9,180,Cash,Mrs.,Night
724,27-06-2022,Frankie,Fastfood,50.0,10,500,Cash,Mrs.,Night
755,01-02-2023,Aalopuri,Fastfood,20.0,12,240,Cash,Mrs.,Night
776,02-07-2023,Frankie,Fastfood,50.0,10,500,Cash,Mr.,Midnight
778,06-11-2022,Frankie,Fastfood,50.0,13,650,Cash,Mr.,Evening
797,26-11-2022,Cold coffee,Beverages,40.0,11,440,Cash,Mr.,Night
803,27-08-2022,Vadapav,Fastfood,20.0,5,100,Cash,Mr.,Night
829,19-09-2022,Cold coffee,Beverages,40.0,6,240,Cash,Mr.,Night
855,23-10-2022,Vadapav,Fastfood,20.0,5,100,Online,Mr.,Evening
860,16-07-2022,Cold coffee,Beverages,40.0,5,200,Cash,Mr.,Night
873,05-09-2022,Sugarcane juice,Beverages,25.0,1,25,Online,Mr.,Night
894,19-03-2023,Sandwich,Fastfood,60.0,15,900,Cash,Mr.,Morning
899,24-01-2023,Aalopuri,Fastfood,20.0,7,140,Cash,Mr.,Midnight
912,17-09-2022,Aalopuri,Fastfood,20.0,6,120,Cash,Mr.,Evening
928,04-07-2022,Sandwich,Fastfood,60.0,11,660,Online,Mr.,Evening
937,22-06-2022,Panipuri,Fastfood,20.0,4,80,Cash,Mr.,Night
957,02-08-2023,Panipuri,Fastfood,20.0,3,60,Online,Mrs.,Midnight
989,10-11-2022,Cold coffee,Beverages,40.0,13,520,Cash,Mr.,Afternoon
998,26-01-2023,Sandwich,Fastfood,60.0,13,780,Cash,Mr.,Evening
38,03-08-2023,Panipuri,Fastfood,20.0,12,240,Online,Mrs.,Night
106,25-02-2023,Frankie,Fastfood,50.0,9,450,Cash,Mrs.,Evening
141,15-06-2022,Aalopuri,Fastfood,20.0,4,80,Cash,Mr.,Evening
152,24-10-2022,Cold coffee,Beverages,40.0,9,360,Online,Mr.,Afternoon
177,21-07-2022,Panipuri,Fastfood,20.0,11,220,Online,Mrs.,Morning
184,01-03-2023,Cold coffee,Beverages,40.0,8,320,Cash,Mr.,Night
196,25-06-2022,Sandwich,Fastfood,60.0,3,180,Cash,Mr.,Evening
202,21-09-2022,Aalopuri,Fastfood,20.0,9,180,Cash,Mr.,Afternoon
218,23-12-2022,Cold coffee,Beverages,40.0,13,520,Online,Mrs.,Midnight
250,15-11-2022,Sugarcane juice,Beverages,25.0,6,150,Online,Mrs.,Midnight
265,15-08-2022,Vadapav,Fastfood,20.0,6,120,Cash,Mr.,Midnight
277,12-08-2022,Cold coffee,Beverages,40.0,13,520,Cash,Mrs.,Midnight
307,13-02-2023,Vadapav,Fastfood,20.0,8,160,Cash,Mr.,Evening
330,22-09-2022,Panipuri,Fastfood,20.0,8,160,Cash,Mr.,Morning
342,03-11-2023,Vadapav,Fastfood,20.0,7,140,Online,Mr.,Afternoon
348,19-09-2022,Vadapav,Fastfood,20.0,1,20,Online,Mrs.,Midnight
356,26-05-2022,Sugarcane juice,Beverages,25.0,14,350,Cash,Mrs.,Night
375,17-11-2022,Panipuri,Fastfood,20.0,13,260,Cash,Mr.,Evening
381,26-02-2023,Vadapav,Fastfood,20.0,1,20,Online,Mr.,Morning
394,04-03-2022,Sandwich,Fastfood,60.0,1,60,Cash,Mrs.,Morning
408,10-05-2022,Vadapav,Fastfood,20.0,4,80,Online,Mr.,Midnight
410,23-11-2022,Aalopuri,Fastfood,20.0,15,300,Online,Mr.,Afternoon
425,17-08-2022,Panipuri,Fastfood,20.0,14,280,Online,Mr.,Afternoon
437,31-08-2022,Cold coffee,Beverages,40.0,1,40,Cash,Mr.,Morning
443,09-05-2022,Sugarcane juice,Beverages,25.0,12,300,Cash,Mrs.,Night
457,16-10-2022,Cold coffee,Beverages,40.0,11,440,Cash,Mr.,Evening
482,31-01-2023,Aalopuri,Fastfood,20.0,1,20,Online,Mr.,Afternoon
486,14-02-2023,Vadapav,Fastfood,20.0,6,120,Cash,Mrs.,Midnight
495,20-10-2022,Aalopuri,Fastfood,20.0,13,260,Online,Mrs.,Midnight
498,16-06-2022,Frankie,Fastfood,50.0,1,50,Cash,Mr.,Midnight
526,07-04-2022,Sandwich,Fastfood,60.0,10,600,Cash,Mrs.,Evening
535,09-05-2022,Sandwich,Fastfood,60.0,4,240,Online,Mr.,Midnight
536,03-01-2023,Sugarcane juice,Beverages,25.0,7,175,Cash,Mrs.,Evening
537,25-01-2023,Panipuri,Fastfood,20.0,3,60,Cash,Mr.,Evening
582,05-12-2022,Aalopuri,Fastfood,20.0,13,260,Cash,Mr.,Morning
587,04-09-2022,Aalopuri,Fastfood,20.0,10,200,Cash,Mrs.,Night
600,24-12-2022,Panipuri,Fastfood,20.0,6,120,Cash,Mrs.,Morning
612,02-06-2023,Aalopuri,Fastfood,20.0,3,60,Online,Mr.,Midnight
629,20-01-2023,Sugarcane juice,Beverages,25.0,9,225,Cash,Mrs.,Evening
634,26-07-2022,Panipuri,Fastfood,20.0,13,260,Cash,Mr.,Afternoon
646,30-08-2022,Vadapav,Fastfood,20.0,14,280,Online,Mrs.,Afternoon
672,24-11-2022,Cold coffee,Beverages,40.0,3,120,Cash,Mrs.,Evening
677,19-05-2022,Cold coffee,Beverages,40.0,3,120,Online,Mrs.,Morning
697,05-05-2022,Sugarcane juice,Beverages,25.0,5,125,Cash,Mr.,Midnight
707,16-12-2022,Panipuri,Fastfood,20.0,2,40,Online,Mr.,Night
719,05-09-2022,Vadapav,Fastfood,20.0,15,300,Cash,Mrs.,Midnight
729,24-11-2022,Sandwich,Fastfood,60.0,7,420,Cash,Mr.,Night
739,06-06-2022,Aalopuri,Fastfood,20.0,11,220,Online,Mr.,Night
746,08-05-2022,Sugarcane juice,Beverages,25.0,5,125,Online,Mrs.,Midnight
764,14-02-2023,Sandwich,Fastfood,60.0,7,420,Cash,Mrs.,Night
770,22-02-2023,Aalopuri,Fastfood,20.0,8,160,Cash,Mrs.,Morning
785,12-07-2022,Aalopuri,Fastfood,20.0,2,40,Online,Mr.,Afternoon
800,11-06-2022,Cold coffee,Beverages,40.0,14,560,Cash,Mr.,Night
801,28-04-2022,Aalopuri,Fastfood,20.0,7,140,Cash,Mrs.,Evening
817,21-05-2022,Aalopuri,Fastfood,20.0,12,240,Cash,Mrs.,Evening
839,05-08-2022,Sugarcane juice,Beverages,25.0,4,100,Cash,Mrs.,Afternoon
840,18-02-2023,Cold coffee,Beverages,40.0,15,600,Cash,Mrs.,Midnight
849,11-03-2022,Cold coffee,Beverages,40.0,10,400,Cash,Mrs.,Night
862,03-10-2023,Frankie,Fastfood,50.0,7,350,Online,Mr.,Night
879,11-06-2022,Cold coffee,Beverages,40.0,9,360,Cash,Mrs.,Evening
886,21-07-2022,Sugarcane juice,Beverages,25.0,4,100,Cash,Mrs.,Night
909,21-02-2023,Cold coffee,Beverages,40.0,12,480,Online,Mrs.,Morning
919,01-03-2023,Vadapav,Fastfood,20.0,8,160,Online,Mrs.,Evening
943,30-06-2022,Vadapav,Fastfood,20.0,6,120,Cash,Mrs.,Night
947,16-08-2022,Aalopuri,Fastfood,20.0,11,220,Online,Mr.,Night
959,28-11-2022,Vadapav,Fastfood,20.0,8,160,Online,Mrs.,Midnight
992,21-10-2022,Sandwich,Fastfood,60.0,5,300,Cash,Mr.,Morning
1,07-03-2022,Aalopuri,Fastfood,20.0,13,260,Cash,Mr.,Night
2,23-08-2022,Vadapav,Fastfood,20.0,15,300,Cash,Mr.,Afternoon
3,20-11-2022,Vadapav,Fastfood,20.0,1,20,Cash,Mr.,Afternoon
4,02-03-2023,Sugarcane juice,Beverages,25.0,6,150,Online,Mr.,Night
5,10-02-2022,Sugarcane juice,Beverages,25.0,8,200,Online,Mr.,Evening
7,05-03-2022,Sugarcane juice,Beverages,25.0,9,225,Cash,Mr.,Evening
8,22-12-2022,Panipuri,Fastfood,20.0,14,280,Online,Mr.,Night
9,06-10-2022,Panipuri,Fastfood,20.0,1,20,Cash,Mrs.,Morning
10,16-09-2022,Panipuri,Fastfood,20.0,5,100,Online,Mr.,Afternoon
11,12-01-2022,Frankie,Fastfood,50.0,8,400,Online,Mrs.,Afternoon
12,07-12-2022,Vadapav,Fastfood,20.0,8,160,Online,Mrs.,Night
13,22-12-2022,Panipuri,Fastfood,20.0,9,180,Online,Mrs.,Afternoon
14,25-11-2022,Frankie,Fastfood,50.0,4,200,Online,Mr.,Morning
15,02-03-2023,Aalopuri,Fastfood,20.0,3,60,Cash,Mrs.,Evening
16,14-04-2022,Sandwich,Fastfood,60.0,11,660,Cash,Mrs.,Midnight
17,16-10-2022,Panipuri,Fastfood,20.0,11,220,Cash,Mrs.,Morning
18,11-05-2022,Panipuri,Fastfood,20.0,10,200,Cash,Mrs.,Night
19,22-08-2022,Panipuri,Fastfood,20.0,11,220,Cash,Mrs.,Night
20,15-09-2022,Cold coffee,Beverages,40.0,10,400,Online,Mr.,Night
22,10-04-2022,Sugarcane juice,Beverages,25.0,12,300,Online,Mr.,Evening
23,26-05-2022,Sandwich,Fastfood,60.0,3,180,Online,Mr.,Midnight
24,02-11-2023,Sugarcane juice,Beverages,25.0,10,250,Online,Mr.,Afternoon
25,31-08-2022,Sandwich,Fastfood,60.0,1,60,Online,Mrs.,Evening
26,18-08-2022,Sugarcane juice,Beverages,25.0,4,100,Cash,Mr.,Afternoon
27,10-12-2022,Cold coffee,Beverages,40.0,11,440,Online,Mrs.,Afternoon
28,01-06-2023,Cold coffee,Beverages,40.0,10,400,Online,Mrs.,Afternoon
29,02-10-2023,Sugarcane juice,Beverages,25.0,9,225,Online,Mr.,Afternoon
30,28-01-2023,Frankie,Fastfood,50.0,2,100,Cash,Mrs.,Night
31,14-09-2022,Cold coffee,Beverages,40.0,13,520,Online,Mrs.,Evening
32,05-06-2022,Aalopuri,Fastfood,20.0,4,80,Cash,Mr.,Morning
33,02-05-2023,Aalopuri,Fastfood,20.0,13,260,Online,Mr.,Night
34,02-04-2023,Frankie,Fastfood,50.0,12,600,Online,Mrs.,Evening
35,22-05-2022,Vadapav,Fastfood,20.0,8,160,Cash,Mr.,Morning
37,01-05-2023,Frankie,Fastfood,50.0,10,500,Cash,Mr.,Night
39,14-05-2022,Vadapav,Fastfood,20.0,2,40,Online,Mr.,Evening
40,02-05-2023,Sandwich,Fastfood,60.0,5,300,Online,Mrs.,Night
41,13-11-2022,Cold coffee,Beverages,40.0,11,440,Cash,Mr.,Afternoon
42,05-09-2022,Aalopuri,Fastfood,20.0,8,160,Online,Mrs.,Night
43,26-05-2022,Vadapav,Fastfood,20.0,1,20,Cash,Mr.,Night
44,28-08-2022,Cold coffee,Beverages,40.0,12,480,Cash,Mr.,Evening
45,15-08-2022,Sugarcane juice,Beverages,25.0,6,150,Cash,Mrs.,Afternoon
46,05-07-2022,Vadapav,Fastfood,20.0,7,140,Cash,Mr.,Evening
47,07-10-2022,Sandwich,Fastfood,60.0,7,420,Cash,Mr.,Morning
48,23-02-2023,Sandwich,Fastfood,60.0,14,840,Online,Mr.,Afternoon
49,11-06-2022,Frankie,Fastfood,50.0,4,200,Online,Mrs.,Morning
50,11-02-2022,Vadapav,Fastfood,20.0,8,160,Cash,Mrs.,Midnight
51,16-05-2022,Frankie,Fastfood,50.0,15,750,Online,Mrs.,Morning
52,16-03-2023,Sugarcane juice,Beverages,25.0,12,300,Cash,Mrs.,Midnight
56,23-11-2022,Panipuri,Fastfood,20.0,11,220,Cash,Mrs.,Midnight
57,08-04-2022,Panipuri,Fastfood,20.0,14,280,Online,Mrs.,Morning
58,02-03-2023,Vadapav,Fastfood,20.0,6,120,Online,Mrs.,Morning
59,07-01-2022,Vadapav,Fastfood,20.0,5,100,Cash,Mr.,Morning
60,06-11-2022,Cold coffee,Beverages,40.0,2,80,Online,Mr.,Night
61,25-12-2022,Vadapav,Fastfood,20.0,14,280,Cash,Mrs.,Afternoon
62,17-10-2022,Sugarcane juice,Beverages,25.0,3,75,Cash,Mr.,Afternoon
63,12-01-2022,Sandwich,Fastfood,60.0,7,420,Online,Mrs.,Morning
64,12-09-2022,Cold coffee,Beverages,40.0,1,40,Cash,Mr.,Morning
65,25-07-2022,Aalopuri,Fastfood,20.0,4,80,Cash,Mr.,Morning
66,04-05-2022,Frankie,Fastfood,50.0,2,100,Cash,Mrs.,Morning
67,15-05-2022,Aalopuri,Fastfood,20.0,9,180,Cash,Mr.,Midnight
68,17-12-2022,Cold coffee,Beverages,40.0,2,80,Cash,Mr.,Night
69,01-10-2023,Vadapav,Fastfood,20.0,7,140,Cash,Mr.,Midnight
70,05-09-2022,Cold coffee,Beverages,40.0,14,560,Cash,Mrs.,Morning
71,12-05-2022,Cold coffee,Beverages,40.0,6,240,Online,Mr.,Night
72,03-09-2023,Frankie,Fastfood,50.0,13,650,Online,Mr.,Afternoon
73,29-07-2022,Panipuri,Fastfood,20.0,5,100,Cash,Mr.,Midnight
74,15-08-2022,Cold coffee,Beverages,40.0,10,400,Online,Mrs.,Evening
75,02-02-2023,Cold coffee,Beverages,40.0,6,240,Online,Mrs.,Afternoon
76,17-08-2022,Vadapav,Fastfood,20.0,9,180,Online,Mr.,Morning
78,10-01-2022,Vadapav,Fastfood,20.0,4,80,Cash,Mrs.,Evening
79,11-05-2022,Panipuri,Fastfood,20.0,6,120,Online,Mr.,Night
80,24-05-2022,Frankie,Fastfood,50.0,13,650,Cash,Mr.,Evening
81,19-11-2022,Frankie,Fastfood,50.0,12,600,Online,Mrs.,Night
82,17-07-2022,Frankie,Fastfood,50.0,3,150,Online,Mrs.,Evening
83,13-11-2022,Frankie,Fastfood,50.0,11,550,Cash,Mr.,Evening
84,03-03-2023,Panipuri,Fastfood,20.0,13,260,Cash,Mr.,Midnight
85,19-08-2022,Aalopuri,Fastfood,20.0,3,60,Online,Mrs.,Night
86,03-09-2023,Aalopuri,Fastfood,20.0,15,300,Cash,Mr.,Morning
87,29-05-2022,Aalopuri,Fastfood,20.0,8,160,Cash,Mr.,Night
88,07-07-2022,Cold coffee,Beverages,40.0,10,400,Cash,Mr.,Evening
89,23-12-2022,Aalopuri,Fastfood,20.0,14,280,Cash,Mr.,Evening
90,29-10-2022,Vadapav,Fastfood,20.0,15,300,Online,Mr.,Night
91,22-03-2023,Cold coffee,Beverages,40.0,6,240,Cash,Mrs.,Evening
92,13-05-2022,Aalopuri,Fastfood,20.0,15,300,Cash,Mr.,Afternoon
93,07-03-2022,Cold coffee,Beverages,40.0,2,80,Online,Mrs.,Midnight
94,14-09-2022,Aalopuri,Fastfood,20.0,15,300,Cash,Mrs.,Night
95,05-12-2022,Sugarcane juice,Beverages,25.0,8,200,Online,Mr.,Night
96,22-08-2022,Sandwich,Fastfood,60.0,15,900,Cash,Mr.,Morning
98,24-12-2022,Vadapav,Fastfood,20.0,1,20,Online,Mr.,Morning
99,09-11-2022,Sugarcane juice,Beverages,25.0,3,75,Cash,Mr.,Evening
100,05-08-2022,Panipuri,Fastfood,20.0,11,220,Cash,Mr.,Morning
101,26-03-2023,Vadapav,Fastfood,20.0,3,60,Online,Mrs.,Morning
102,13-03-2023,Cold coffee,Beverages,40.0,14,560,Cash,Mr.,Morning
104,27-10-2022,Cold coffee,Beverages,40.0,13,520,Online,Mr.,Morning
105,25-01-2023,Panipuri,Fastfood,20.0,8,160,Cash,Mrs.,Evening
107,02-07-2023,Sandwich,Fastfood,60.0,4,240,Online,Mr.,Afternoon
108,08-06-2022,Panipuri,Fastfood,20.0,5,100,Online,Mr.,Afternoon
109,08-08-2022,Cold coffee,Beverages,40.0,12,480,Cash,Mr.,Afternoon
110,16-11-2022,Panipuri,Fastfood,20.0,2,40,Online,Mrs.,Morning
111,09-04-2022,Sandwich,Fastfood,60.0,8,480,Cash,Mrs.,Midnight
113,12-12-2022,Aalopuri,Fastfood,20.0,8,160,Cash,Mr.,Afternoon
114,14-08-2022,Aalopuri,Fastfood,20.0,10,200,Online,Mr.,Afternoon
115,01-12-2023,Aalopuri,Fastfood,20.0,13,260,Cash,Mr.,Evening
116,26-08-2022,Sugarcane juice,Beverages,25.0,13,325,Cash,Mr.,Evening
117,03-09-2023,Frankie,Fastfood,50.0,7,350,Online,Mrs.,Evening
118,07-06-2022,Sandwich,Fastfood,60.0,1,60,Online,Mr.,Midnight
119,05-12-2022,Panipuri,Fastfood,20.0,10,200,Cash,Mr.,Evening
120,07-10-2022,Frankie,Fastfood,50.0,2,100,Cash,Mrs.,Evening
121,26-08-2022,Cold coffee,Beverages,40.0,8,320,Cash,Mr.,Afternoon
122,24-04-2022,Panipuri,Fastfood,20.0,3,60,Cash,Mrs.,Night
123,06-09-2022,Cold coffee,Beverages,40.0,6,240,Online,Mr.,Evening
124,14-10-2022,Sugarcane juice,Beverages,25.0,13,325,Cash,Mrs.,Evening
125,04-10-2022,Vadapav,Fastfood,20.0,7,140,Cash,Mrs.,Midnight
126,04-08-2022,Panipuri,Fastfood,20.0,11,220,Online,Mrs.,Night
127,12-03-2022,Aalopuri,Fastfood,20.0,1,20,Cash,Mrs.,Morning
128,08-07-2022,Vadapav,Fastfood,20.0,11,220,Online,Mr.,Midnight
129,19-10-2022,Panipuri,Fastfood,20.0,13,260,Cash,Mrs.,Morning
131,19-01-2023,Sandwich,Fastfood,60.0,8,480,Cash,Mr.,Night
132,12-05-2022,Vadapav,Fastfood,20.0,4,80,Online,Mrs.,Night
133,20-12-2022,Aalopuri,Fastfood,20.0,5,100,Online,Mr.,Midnight
134,17-07-2022,Aalopuri,Fastfood,20.0,12,240,Online,Mrs.,Night
135,14-01-2023,Aalopuri,Fastfood,20.0,8,160,Online,Mr.,Midnight
136,24-08-2022,Aalopuri,Fastfood,20.0,15,300,Online,Mr.,Morning
137,19-03-2023,Sugarcane juice,Beverages,25.0,6,150,Cash,Mr.,Afternoon
138,09-01-2022,Sandwich,Fastfood,60.0,15,900,Online,Mr.,Night
139,26-02-2023,Frankie,Fastfood,50.0,11,550,Online,Mrs.,Night
140,06-12-2022,Frankie,Fastfood,50.0,13,650,Cash,Mr.,Night
142,30-12-2022,Sugarcane juice,Beverages,25.0,12,300,Cash,Mrs.,Morning
144,17-11-2022,Panipuri,Fastfood,20.0,10,200,Cash,Mrs.,Evening
145,10-09-2022,Sandwich,Fastfood,60.0,14,840,Online,Mr.,Morning
146,28-10-2022,Frankie,Fastfood,50.0,4,200,Cash,Mrs.,Afternoon
147,17-05-2022,Panipuri,Fastfood,20.0,7,140,Online,Mr.,Evening
148,19-03-2023,Sandwich,Fastfood,60.0,13,780,Online,Mr.,Evening
149,08-09-2022,Sandwich,Fastfood,60.0,7,420,Online,Mr.,Morning
150,30-01-2023,Cold coffee,Beverages,40.0,14,560,Cash,Mr.,Afternoon
151,07-10-2022,Frankie,Fastfood,50.0,13,650,Online,Mrs.,Morning
153,21-07-2022,Panipuri,Fastfood,20.0,1,20,Cash,Mrs.,Evening
154,13-12-2022,Vadapav,Fastfood,20.0,3,60,Cash,Mr.,Night
155,02-07-2023,Sugarcane juice,Beverages,25.0,10,250,Cash,Mrs.,Evening
156,25-03-2023,Panipuri,Fastfood,20.0,14,280,Cash,Mr.,Midnight
157,24-02-2023,Frankie,Fastfood,50.0,7,350,Online,Mrs.,Midnight
158,16-05-2022,Aalopuri,Fastfood,20.0,2,40,Cash,Mr.,Midnight
159,10-03-2022,Sugarcane juice,Beverages,25.0,1,25,Online,Mrs.,Afternoon
160,23-07-2022,Vadapav,Fastfood,20.0,10,200,Online,Mr.,Night
162,05-07-2022,Aalopuri,Fastfood,20.0,11,220,Cash,Mr.,Midnight
163,01-06-2023,Frankie,Fastfood,50.0,6,300,Online,Mrs.,Midnight
164,08-10-2022,Sugarcane juice,Beverages,25.0,7,175,Online,Mr.,Afternoon
165,01-05-2023,Sandwich,Fastfood,60.0,11,660,Cash,Mr.,Midnight
166,06-01-2022,Panipuri,Fastfood,20.0,6,120,Cash,Mrs.,Evening
167,23-02-2023,Cold coffee,Beverages,40.0,6,240,Cash,Mrs.,Morning
168,19-04-2022,Sandwich,Fastfood,60.0,4,240,Cash,Mrs.,Midnight
169,20-06-2022,Vadapav,Fastfood,20.0,6,120,Cash,Mr.,Morning
170,13-02-2023,Aalopuri,Fastfood,20.0,6,120,Cash,Mrs.,Afternoon
172,27-08-2022,Sugarcane juice,Beverages,25.0,6,150,Online,Mrs.,Night
173,20-01-2023,Cold coffee,Beverages,40.0,2,80,Online,Mr.,Night
174,09-03-2022,Aalopuri,Fastfood,20.0,2,40,Online,Mr.,Evening
175,17-10-2022,Frankie,Fastfood,50.0,12,600,Cash,Mrs.,Afternoon
176,08-04-2022,Panipuri,Fastfood,20.0,1,20,Cash,Mrs.,Midnight
179,03-03-2023,Sugarcane juice,Beverages,25.0,5,125,Cash,Mrs.,Midnight
180,12-01-2022,Vadapav,Fastfood,20.0,6,120,Online,Mrs.,Afternoon
181,06-09-2022,Cold coffee,Beverages,40.0,7,280,Cash,Mrs.,Night
182,07-02-2022,Cold coffee,Beverages,40.0,1,40,Cash,Mr.,Midnight
183,07-10-2022,Sugarcane juice,Beverages,25.0,5,125,Cash,Mrs.,Midnight
185,13-01-2023,Sugarcane juice,Beverages,25.0,15,375,Cash,Mr.,Night
186,15-03-2023,Frankie,Fastfood,50.0,2,100,Online,Mr.,Afternoon
187,10-11-2022,Aalopuri,Fastfood,20.0,15,300,Cash,Mrs.,Morning
188,28-12-2022,Panipuri,Fastfood,20.0,14,280,Cash,Mrs.,Night
189,02-08-2023,Vadapav,Fastfood,20.0,12,240,Online,Mr.,Afternoon
191,20-05-2022,Sugarcane juice,Beverages,25.0,14,350,Cash,Mrs.,Morning
192,26-10-2022,Vadapav,Fastfood,20.0,2,40,Online,Mr.,Night
193,02-05-2023,Cold coffee,Beverages,40.0,15,600,Online,Mrs.,Midnight
194,15-12-2022,Vadapav,Fastfood,20.0,4,80,Cash,Mrs.,Morning
195,23-04-2022,Sandwich,Fastfood,60.0,4,240,Cash,Mrs.,Night
197,11-08-2022,Panipuri,Fastfood,20.0,10,200,Cash,Mrs.,Midnight
198,01-05-2023,Frankie,Fastfood,50.0,15,750,Cash,Mr.,Morning
199,02-01-2023,Frankie,Fastfood,50.0,6,300,Online,Mrs.,Morning
200,25-12-2022,Cold coffee,Beverages,40.0,10,400,Cash,Mrs.,Morning
201,30-06-2022,Panipuri,Fastfood,20.0,8,160,Cash,Mr.,Morning
203,04-11-2022,Vadapav,Fastfood,20.0,6,120,Online,Mrs.,Midnight
204,24-10-2022,Cold coffee,Beverages,40.0,7,280,Cash,Mrs.,Evening
205,17-10-2022,Vadapav,Fastfood,20.0,4,80,Cash,Mr.,Afternoon
206,27-07-2022,Aalopuri,Fastfood,20.0,4,80,Cash,Mr.,Night
207,20-02-2023,Cold coffee,Beverages,40.0,8,320,Online,Mrs.,Evening
208,26-08-2022,Cold coffee,Beverages,40.0,13,520,Cash,Mrs.,Midnight
209,12-04-2022,Aalopuri,Fastfood,20.0,2,40,Cash,Mr.,Night
210,01-02-2023,Sugarcane juice,Beverages,25.0,15,375,Cash,Mr.,Night
211,18-04-2022,Aalopuri,Fastfood,20.0,12,240,Cash,Mr.,Morning
212,05-05-2022,Cold coffee,Beverages,40.0,12,480,Online,Mrs.,Morning
214,12-03-2022,Sugarcane juice,Beverages,25.0,14,350,Online,Mr.,Evening
215,12-10-2022,Sugarcane juice,Beverages,25.0,7,175,Cash,Mrs.,Morning
216,03-07-2023,Panipuri,Fastfood,20.0,9,180,Cash,Mrs.,Afternoon
217,23-03-2023,Cold coffee,Beverages,40.0,10,400,Cash,Mr.,Morning
219,10-01-2022,Aalopuri,Fastfood,20.0,9,180,Cash,Mrs.,Evening
220,13-05-2022,Sugarcane juice,Beverages,25.0,1,25,Cash,Mr.,Afternoon
221,26-03-2023,Sandwich,Fastfood,60.0,1,60,Online,Mr.,Evening
222,09-11-2022,Sandwich,Fastfood,60.0,6,360,Cash,Mrs.,Morning
223,21-09-2022,Panipuri,Fastfood,20.0,13,260,Online,Mr.,Night
224,23-03-2023,Sugarcane juice,Beverages,25.0,14,350,Cash,Mr.,Afternoon
225,16-03-2023,Frankie,Fastfood,50.0,11,550,Cash,Mrs.,Evening
226,12-12-2022,Aalopuri,Fastfood,20.0,13,260,Online,Mrs.,Afternoon
227,17-11-2022,Cold coffee,Beverages,40.0,5,200,Cash,Mrs.,Afternoon
228,11-05-2022,Panipuri,Fastfood,20.0,8,160,Online,Mr.,Night
229,15-12-2022,Panipuri,Fastfood,20.0,7,140,Cash,Mr.,Evening
230,16-04-2022,Frankie,Fastfood,50.0,6,300,Online,Mr.,Afternoon
231,16-04-2022,Sugarcane juice,Beverages,25.0,3,75,Cash,Mr.,Night
232,23-04-2022,Vadapav,Fastfood,20.0,13,260,Cash,Mrs.,Night
234,27-07-2022,Panipuri,Fastfood,20.0,10,200,Cash,Mr.,Midnight
235,29-11-2022,Sandwich,Fastfood,60.0,10,600,Cash,Mrs.,Afternoon
236,26-06-2022,Vadapav,Fastfood,20.0,12,240,Cash,Mrs.,Evening
237,11-08-2022,Panipuri,Fastfood,20.0,13,260,Cash,Mrs.,Midnight
238,26-04-2022,Vadapav,Fastfood,20.0,13,260,Cash,Mr.,Morning
239,12-04-2022,Frankie,Fastfood,50.0,4,200,Online,Mr.,Evening
240,12-11-2022,Sandwich,Fastfood,60.0,10,600,Cash,Mrs.,Morning
241,06-06-2022,Sugarcane juice,Beverages,25.0,2,50,Cash,Mr.,Afternoon
242,23-12-2022,Cold coffee,Beverages,40.0,4,160,Online,Mrs.,Midnight
243,11-12-2022,Panipuri,Fastfood,20.0,5,100,Cash,Mrs.,Midnight
244,22-11-2022,Sandwich,Fastfood,60.0,10,600,Online,Mrs.,Midnight
245,10-03-2022,Vadapav,Fastfood,20.0,2,40,Cash,Mrs.,Morning
246,16-11-2022,Vadapav,Fastfood,20.0,10,200,Cash,Mr.,Afternoon
247,10-03-2022,Sugarcane juice,Beverages,25.0,6,150,Cash,Mr.,Midnight
248,17-04-2022,Frankie,Fastfood,50.0,5,250,Online,Mrs.,Midnight
249,26-10-2022,Sugarcane juice,Beverages,25.0,3,75,Online,Mrs.,Afternoon
251,21-12-2022,Cold coffee,Beverages,40.0,13,520,Cash,Mrs.,Afternoon
252,26-03-2023,Vadapav,Fastfood,20.0,8,160,Online,Mr.,Midnight
253,18-06-2022,Sugarcane juice,Beverages,25.0,13,325,Online,Mr.,Afternoon
255,30-04-2022,Vadapav,Fastfood,20.0,7,140,Cash,Mrs.,Afternoon
256,16-03-2023,Aalopuri,Fastfood,20.0,3,60,Online,Mrs.,Midnight
257,01-03-2023,Sandwich,Fastfood,60.0,10,600,Cash,Mrs.,Midnight
258,09-06-2022,Vadapav,Fastfood,20.0,14,280,Cash,Mr.,Midnight
259,18-11-2022,Sandwich,Fastfood,60.0,4,240,Online,Mr.,Morning
260,09-10-2022,Sugarcane juice,Beverages,25.0,2,50,Online,Mrs.,Night
261,01-11-2023,Frankie,Fastfood,50.0,9,450,Cash,Mrs.,Midnight
262,03-05-2023,Vadapav,Fastfood,20.0,5,100,Cash,Mrs.,Evening
263,19-06-2022,Panipuri,Fastfood,20.0,2,40,Cash,Mr.,Evening
264,18-07-2022,Sugarcane juice,Beverages,25.0,12,300,Online,Mr.,Morning
266,10-02-2022,Frankie,Fastfood,50.0,10,500,Online,Mrs.,Night
267,03-05-2023,Vadapav,Fastfood,20.0,1,20,Cash,Mr.,Morning
268,02-05-2023,Cold coffee,Beverages,40.0,12,480,Cash,Mrs.,Midnight
269,22-12-2022,Panipuri,Fastfood,20.0,2,40,Cash,Mrs.,Midnight
270,09-07-2022,Sandwich,Fastfood,60.0,13,780,Cash,Mr.,Evening
271,05-03-2022,Vadapav,Fastfood,20.0,13,260,Cash,Mr.,Evening
272,29-07-2022,Frankie,Fastfood,50.0,5,250,Online,Mrs.,Night
273,15-08-2022,Panipuri,Fastfood,20.0,15,300,Cash,Mr.,Midnight
275,02-04-2023,Vadapav,Fastfood,20.0,15,300,Online,Mr.,Night
276,30-09-2022,Sugarcane juice,Beverages,25.0,6,150,Cash,Mr.,Midnight
278,19-06-2022,Frankie,Fastfood,50.0,6,300,Online,Mrs.,Night
279,14-09-2022,Vadapav,Fastfood,20.0,15,300,Cash,Mrs.,Afternoon
280,10-09-2022,Panipuri,Fastfood,20.0,14,280,Online,Mrs.,Evening
281,08-09-2022,Sandwich,Fastfood,60.0,3,180,Cash,Mrs.,Afternoon
282,16-05-2022,Vadapav,Fastfood,20.0,13,260,Cash,Mrs.,Morning
283,07-02-2022,Panipuri,Fastfood,20.0,2,40,Cash,Mrs.,Midnight
284,29-01-2023,Frankie,Fastfood,50.0,7,350,Cash,Mr.,Afternoon
285,28-06-2022,Aalopuri,Fastfood,20.0,3,60,Cash,Mr.,Night
286,14-12-2022,Vadapav,Fastfood,20.0,6,120,Cash,Mr.,Night
287,08-06-2022,Aalopuri,Fastfood,20.0,3,60,Cash,Mr.,Morning
288,22-08-2022,Sandwich,Fastfood,60.0,7,420,Cash,Mr.,Night
289,28-11-2022,Aalopuri,Fastfood,20.0,7,140,Online,Mrs.,Midnight
290,05-03-2022,Panipuri,Fastfood,20.0,7,140,Cash,Mrs.,Morning
291,27-01-2023,Frankie,Fastfood,50.0,8,400,Online,Mrs.,Night
292,16-01-2023,Frankie,Fastfood,50.0,2,100,Cash,Mrs.,Midnight
294,23-09-2022,Aalopuri,Fastfood,20.0,1,20,Cash,Mrs.,Evening
295,21-07-2022,Sandwich,Fastfood,60.0,7,420,Cash,Mr.,Midnight
296,02-06-2023,Panipuri,Fastfood,20.0,7,140,Cash,Mrs.,Afternoon
297,30-04-2022,Sandwich,Fastfood,60.0,10,600,Online,Mr.,Evening
298,19-07-2022,Sugarcane juice,Beverages,25.0,9,225,Cash,Mrs.,Afternoon
299,22-07-2022,Aalopuri,Fastfood,20.0,1,20,Online,Mrs.,Evening
300,27-06-2022,Aalopuri,Fastfood,20.0,8,160,Cash,Mr.,Afternoon
301,28-01-2023,Panipuri,Fastfood,20.0,7,140,Cash,Mr.,Night
302,21-03-2023,Aalopuri,Fastfood,20.0,14,280,Cash,Mr.,Night
303,07-02-2022,Sugarcane juice,Beverages,25.0,1,25,Cash,Mrs.,Midnight
304,28-05-2022,Vadapav,Fastfood,20.0,15,300,Online,Mr.,Morning
305,03-05-2023,Panipuri,Fastfood,20.0,4,80,Cash,Mrs.,Morning
306,03-03-2023,Cold coffee,Beverages,40.0,8,320,Online,Mrs.,Morning
309,14-10-2022,Sandwich,Fastfood,60.0,8,480,Online,Mr.,Evening
310,25-04-2022,Vadapav,Fastfood,20.0,4,80,Cash,Mr.,Afternoon
311,31-07-2022,Frankie,Fastfood,50.0,7,350,Cash,Mrs.,Morning
312,28-12-2022,Cold coffee,Beverages,40.0,1,40,Cash,Mrs.,Night
313,19-04-2022,Cold coffee,Beverages,40.0,1,40,Cash,Mr.,Midnight
314,27-02-2023,Frankie,Fastfood,50.0,8,400,Online,Mrs.,Morning
315,20-02-2023,Cold coffee,Beverages,40.0,13,520,Online,Mrs.,Afternoon
316,11-02-2022,Frankie,Fastfood,50.0,4,200,Online,Mr.,Morning
317,03-10-2023,Aalopuri,Fastfood,20.0,12,240,Online,Mrs.,Afternoon
318,21-12-2022,Aalopuri,Fastfood,20.0,10,200,Online,Mrs.,Midnight
319,30-06-2022,Frankie,Fastfood,50.0,15,750,Cash,Mr.,Afternoon
320,18-03-2023,Sugarcane juice,Beverages,25.0,7,175,Cash,Mrs.,Afternoon
321,02-08-2023,Frankie,Fastfood,50.0,12,600,Cash,Mrs.,Evening
322,05-05-2022,Cold coffee,Beverages,40.0,11,440,Cash,Mr.,Morning
323,29-12-2022,Aalopuri,Fastfood,20.0,4,80,Cash,Mr.,Morning
326,05-03-2022,Sandwich,Fastfood,60.0,8,480,Cash,Mr.,Evening
327,29-11-2022,Frankie,Fastfood,50.0,15,750,Cash,Mrs.,Midnight
328,16-06-2022,Vadapav,Fastfood,20.0,3,60,Online,Mr.,Evening
329,01-10-2023,Panipuri,Fastfood,20.0,7,140,Online,Mrs.,Afternoon
331,21-08-2022,Panipuri,Fastfood,20.0,4,80,Online,Mrs.,Evening
332,17-02-2023,Aalopuri,Fastfood,20.0,2,40,Cash,Mrs.,Afternoon
333,30-10-2022,Sugarcane juice,Beverages,25.0,11,275,Cash,Mrs.,Afternoon
334,04-04-2022,Cold coffee,Beverages,40.0,4,160,Cash,Mrs.,Evening
335,24-10-2022,Cold coffee,Beverages,40.0,11,440,Cash,Mr.,Night
336,09-03-2022,Sugarcane juice,Beverages,25.0,13,325,Cash,Mrs.,Midnight
337,15-10-2022,Aalopuri,Fastfood,20.0,14,280,Online,Mrs.,Midnight
338,05-06-2022,Sugarcane juice,Beverages,25.0,12,300,Cash,Mr.,Morning
339,16-02-2023,Sugarcane juice,Beverages,25.0,1,25,Cash,Mrs.,Midnight
344,13-05-2022,Cold coffee,Beverages,40.0,14,560,Cash,Mr.,Night
345,05-09-2022,Panipuri,Fastfood,20.0,14,280,Online,Mrs.,Night
346,31-01-2023,Cold coffee,Beverages,40.0,12,480,Cash,Mr.,Morning
347,24-06-2022,Frankie,Fastfood,50.0,7,350,Cash,Mrs.,Afternoon
349,17-08-2022,Panipuri,Fastfood,20.0,5,100,Cash,Mrs.,Evening
350,21-09-2022,Cold coffee,Beverages,40.0,8,320,Online,Mrs.,Morning
351,07-08-2022,Frankie,Fastfood,50.0,5,250,Online,Mrs.,Night
352,25-05-2022,Frankie,Fastfood,50.0,11,550,Cash,Mrs.,Night
353,18-05-2022,Vadapav,Fastfood,20.0,4,80,Online,Mrs.,Midnight
354,16-01-2023,Panipuri,Fastfood,20.0,14,280,Online,Mr.,Midnight
355,15-03-2023,Cold coffee,Beverages,40.0,4,160,Online,Mr.,Midnight
357,21-09-2022,Sandwich,Fastfood,60.0,9,540,Online,Mrs.,Afternoon
358,27-10-2022,Aalopuri,Fastfood,20.0,6,120,Cash,Mr.,Night
359,27-08-2022,Aalopuri,Fastfood,20.0,13,260,Online,Mrs.,Night
360,10-06-2022,Cold coffee,Beverages,40.0,2,80,Online,Mrs.,Midnight
361,30-06-2022,Sandwich,Fastfood,60.0,15,900,Cash,Mrs.,Night
362,30-12-2022,Sugarcane juice,Beverages,25.0,2,50,Cash,Mr.,Morning
363,05-09-2022,Frankie,Fastfood,50.0,9,450,Online,Mr.,Afternoon
364,10-11-2022,Cold coffee,Beverages,40.0,2,80,Online,Mr.,Night
366,30-11-2022,Sugarcane juice,Beverages,25.0,10,250,Online,Mrs.,Afternoon
367,08-10-2022,Panipuri,Fastfood,20.0,6,120,Cash,Mr.,Afternoon
368,31-08-2022,Cold coffee,Beverages,40.0,2,80,Cash,Mr.,Night
369,07-03-2022,Sandwich,Fastfood,60.0,2,120,Online,Mrs.,Evening
370,28-05-2022,Panipuri,Fastfood,20.0,5,100,Cash,Mrs.,Midnight
371,18-10-2022,Vadapav,Fastfood,20.0,5,100,Online,Mrs.,Night
372,19-11-2022,Frankie,Fastfood,50.0,12,600,Cash,Mr.,Morning
373,05-08-2022,Sugarcane juice,Beverages,25.0,12,300,Cash,Mrs.,Midnight
374,24-07-2022,Frankie,Fastfood,50.0,10,500,Online,Mr.,Midnight
376,12-04-2022,Frankie,Fastfood,50.0,15,750,Cash,Mr.,Midnight
377,20-05-2022,Sugarcane juice,Beverages,25.0,3,75,Online,Mrs.,Evening
378,24-04-2022,Vadapav,Fastfood,20.0,2,40,Cash,Mrs.,Midnight
379,15-02-2023,Cold coffee,Beverages,40.0,14,560,Cash,Mr.,Afternoon
382,16-08-2022,Cold coffee,Beverages,40.0,9,360,Cash,Mrs.,Night
383,05-06-2022,Aalopuri,Fastfood,20.0,7,140,Online,Mrs.,Morning
384,22-10-2022,Sugarcane juice,Beverages,25.0,1,25,Online,Mr.,Afternoon
385,25-04-2022,Vadapav,Fastfood,20.0,5,100,Cash,Mr.,Morning
386,23-11-2022,Frankie,Fastfood,50.0,5,250,Online,Mr.,Midnight
387,17-03-2023,Sugarcane juice,Beverages,25.0,14,350,Cash,Mrs.,Midnight
388,10-09-2022,Sandwich,Fastfood,60.0,14,840,Cash,Mr.,Evening
389,22-12-2022,Sandwich,Fastfood,60.0,12,720,Cash,Mrs.,Evening
390,18-06-2022,Sugarcane juice,Beverages,25.0,5,125,Cash,Mr.,Midnight
391,21-04-2022,Aalopuri,Fastfood,20.0,1,20,Online,Mrs.,Night
392,18-09-2022,Aalopuri,Fastfood,20.0,15,300,Online,Mr.,Night
393,07-02-2022,Sugarcane juice,Beverages,25.0,10,250,Online,Mrs.,Evening
395,31-01-2023,Sandwich,Fastfood,60.0,3,180,Cash,Mrs.,Evening
396,31-10-2022,Frankie,Fastfood,50.0,15,750,Online,Mr.,Morning
397,07-06-2022,Aalopuri,Fastfood,20.0,2,40,Online,Mrs.,Afternoon
399,24-06-2022,Panipuri,Fastfood,20.0,9,180,Cash,Mrs.,Evening
400,03-04-2023,Cold coffee,Beverages,40.0,15,600,Cash,Mrs.,Morning
401,10-11-2022,Sugarcane juice,Beverages,25.0,8,200,Online,Mrs.,Midnight
402,19-03-2023,Frankie,Fastfood,50.0,7,350,Cash,Mr.,Night
403,25-09-2022,Cold coffee,Beverages,40.0,3,120,Online,Mrs.,Midnight
404,26-11-2022,Frankie,Fastfood,50.0,7,350,Cash,Mrs.,Midnight
405,13-12-2022,Sugarcane juice,Beverages,25.0,10,250,Cash,Mr.,Night
406,13-10-2022,Cold coffee,Beverages,40.0,4,160,Online,Mrs.,Afternoon
407,01-02-2023,Sugarcane juice,Beverages,25.0,2,50,Cash,Mr.,Evening
409,15-09-2022,Aalopuri,Fastfood,20.0,9,180,Cash,Mrs.,Morning
411,20-11-2022,Panipuri,Fastfood,20.0,12,240,Cash,Mr.,Afternoon
412,03-09-2023,Sugarcane juice,Beverages,25.0,14,350,Cash,Mr.,Afternoon
413,04-03-2022,Aalopuri,Fastfood,20.0,10,200,Online,Mrs.,Midnight
414,21-01-2023,Cold coffee,Beverages,40.0,13,520,Cash,Mr.,Night
415,12-05-2022,Vadapav,Fastfood,20.0,8,160,Online,Mr.,Evening
416,08-05-2022,Sandwich,Fastfood,60.0,9,540,Cash,Mr.,Morning
417,16-01-2023,Panipuri,Fastfood,20.0,3,60,Cash,Mr.,Evening
418,11-12-2022,Cold coffee,Beverages,40.0,7,280,Online,Mr.,Night
419,10-08-2022,Sugarcane juice,Beverages,25.0,14,350,Cash,Mrs.,Midnight
420,30-01-2023,Frankie,Fastfood,50.0,13,650,Online,Mrs.,Evening
421,24-03-2023,Cold coffee,Beverages,40.0,2,80,Online,Mr.,Midnight
422,08-02-2022,Cold coffee,Beverages,40.0,7,280,Online,Mr.,Evening
423,21-10-2022,Frankie,Fastfood,50.0,7,350,Cash,Mrs.,Night
424,21-04-2022,Sugarcane juice,Beverages,25.0,9,225,Online,Mrs.,Midnight
426,20-01-2023,Frankie,Fastfood,50.0,14,700,Cash,Mr.,Midnight
429,19-09-2022,Cold coffee,Beverages,40.0,3,120,Online,Mr.,Night
430,11-05-2022,Sandwich,Fastfood,60.0,4,240,Online,Mr.,Night
431,16-03-2023,Panipuri,Fastfood,20.0,6,120,Online,Mr.,Evening
432,27-03-2023,Panipuri,Fastfood,20.0,6,120,Online,Mr.,Afternoon
433,27-05-2022,Panipuri,Fastfood,20.0,14,280,Online,Mrs.,Evening
434,21-08-2022,Aalopuri,Fastfood,20.0,12,240,Cash,Mr.,Morning
435,05-08-2022,Sandwich,Fastfood,60.0,1,60,Cash,Mrs.,Afternoon
436,01-05-2023,Frankie,Fastfood,50.0,10,500,Cash,Mr.,Midnight
438,20-06-2022,Cold coffee,Beverages,40.0,5,200,Online,Mr.,Morning
439,30-09-2022,Frankie,Fastfood,50.0,13,650,Online,Mr.,Afternoon
440,28-11-2022,Aalopuri,Fastfood,20.0,7,140,Cash,Mr.,Afternoon
441,11-02-2022,Aalopuri,Fastfood,20.0,1,20,Online,Mrs.,Midnight
442,22-08-2022,Sugarcane juice,Beverages,25.0,7,175,Online,Mrs.,Night
444,28-09-2022,Frankie,Fastfood,50.0,4,200,Cash,Mr.,Evening
445,22-10-2022,Sandwich,Fastfood,60.0,14,840,Online,Mrs.,Morning
446,31-08-2022,Cold coffee,Beverages,40.0,9,360,Cash,Mr.,Night
447,17-01-2023,Frankie,Fastfood,50.0,6,300,Online,Mrs.,Afternoon
448,27-07-2022,Vadapav,Fastfood,20.0,6,120,Cash,Mrs.,Evening
449,09-09-2022,Frankie,Fastfood,50.0,4,200,Cash,Mr.,Afternoon
450,20-05-2022,Sugarcane juice,Beverages,25.0,1,25,Online,Mr.,Morning
451,15-03-2023,Sugarcane juice,Beverages,25.0,10,250,Cash,Mrs.,Midnight
452,25-12-2022,Frankie,Fastfood,50.0,5,250,Online,Mr.,Afternoon
454,03-07-2023,Sandwich,Fastfood,60.0,1,60,Online,Mrs.,Evening
455,03-01-2023,Cold coffee,Beverages,40.0,11,440,Cash,Mr.,Midnight
456,31-12-2022,Cold coffee,Beverages,40.0,13,520,Cash,Mrs.,Night
458,09-12-2022,Sugarcane juice,Beverages,25.0,8,200,Cash,Mrs.,Midnight
459,06-08-2022,Vadapav,Fastfood,20.0,14,280,Cash,Mr.,Night
460,20-11-2022,Aalopuri,Fastfood,20.0,2,40,Cash,Mr.,Morning
461,22-07-2022,Sugarcane juice,Beverages,25.0,5,125,Cash,Mr.,Midnight
462,24-04-2022,Vadapav,Fastfood,20.0,3,60,Cash,Mr.,Morning
463,06-11-2022,Sandwich,Fastfood,60.0,6,360,Online,Mr.,Midnight
464,18-10-2022,Sugarcane juice,Beverages,25.0,13,325,Cash,Mr.,Morning
465,15-01-2023,Sugarcane juice,Beverages,25.0,12,300,Online,Mr.,Evening
466,01-11-2023,Panipuri,Fastfood,20.0,6,120,Cash,Mr.,Evening
467,17-10-2022,Aalopuri,Fastfood,20.0,11,220,Online,Mr.,Morning
468,09-08-2022,Panipuri,Fastfood,20.0,2,40,Cash,Mr.,Evening
469,15-05-2022,Sandwich,Fastfood,60.0,7,420,Online,Mrs.,Morning
470,29-09-2022,Vadapav,Fastfood,20.0,8,160,Cash,Mrs.,Morning
472,01-11-2023,Panipuri,Fastfood,20.0,10,200,Cash,Mr.,Midnight
473,09-04-2022,Sandwich,Fastfood,60.0,5,300,Cash,Mrs.,Evening
474,28-08-2022,Sugarcane juice,Beverages,25.0,15,375,Cash,Mrs.,Night
475,24-02-2023,Cold coffee,Beverages,40.0,6,240,Cash,Mrs.,Night
476,02-02-2023,Aalopuri,Fastfood,20.0,10,200,Cash,Mr.,Morning
477,13-02-2023,Sandwich,Fastfood,60.0,15,900,Cash,Mrs.,Midnight
478,27-12-2022,Sugarcane juice,Beverages,25.0,9,225,Cash,Mrs.,Afternoon
479,13-02-2023,Sandwich,Fastfood,60.0,11,660,Cash,Mrs.,Afternoon
480,10-02-2022,Vadapav,Fastfood,20.0,12,240,Cash,Mr.,Evening
481,29-10-2022,Sugarcane juice,Beverages,25.0,4,100,Cash,Mr.,Evening
483,27-04-2022,Panipuri,Fastfood,20.0,9,180,Cash,Mrs.,Morning
484,21-03-2023,Cold coffee,Beverages,40.0,5,200,Cash,Mrs.,Afternoon
485,26-02-2023,Aalopuri,Fastfood,20.0,6,120,Cash,Mrs.,Midnight
487,27-05-2022,Sandwich,Fastfood,60.0,9,540,Cash,Mrs.,Midnight
488,21-09-2022,Cold coffee,Beverages,40.0,10,400,Cash,Mr.,Midnight
490,26-12-2022,Cold coffee,Beverages,40.0,8,320,Cash,Mr.,Morning
491,31-05-2022,Vadapav,Fastfood,20.0,2,40,Online,Mrs.,Midnight
492,07-11-2022,Sandwich,Fastfood,60.0,15,900,Cash,Mr.,Afternoon
493,10-02-2022,Cold coffee,Beverages,40.0,2,80,Online,Mr.,Morning
494,14-01-2023,Cold coffee,Beverages,40.0,10,400,Cash,Mrs.,Night
496,11-07-2022,Cold coffee,Beverages,40.0,10,400,Online,Mrs.,Night
497,25-01-2023,Sandwich,Fastfood,60.0,7,420,Cash,Mr.,Midnight
499,27-07-2022,Sandwich,Fastfood,60.0,8,480,Online,Mrs.,Evening
500,04-08-2022,Vadapav,Fastfood,20.0,4,80,Online,Mrs.,Midnight
501,08-09-2022,Sugarcane juice,Beverages,25.0,14,350,Online,Mrs.,Afternoon
502,01-04-2023,Panipuri,Fastfood,20.0,13,260,Online,Mr.,Night
504,12-09-2022,Cold coffee,Beverages,40.0,8,320,Cash,Mr.,Evening
505,02-12-2023,Frankie,Fastfood,50.0,4,200,Cash,Mr.,Night
506,26-12-2022,Cold coffee,Beverages,40.0,12,480,Cash,Mrs.,Midnight
507,14-12-2022,Aalopuri,Fastfood,20.0,14,280,Online,Mrs.,Morning
508,12-10-2022,Sandwich,Fastfood,60.0,1,60,Cash,Mr.,Night
509,26-10-2022,Vadapav,Fastfood,20.0,11,220,Online,Mr.,Evening
510,04-04-2022,Sandwich,Fastfood,60.0,14,840,Online,Mr.,Afternoon
511,08-02-2022,Panipuri,Fastfood,20.0,4,80,Cash,Mrs.,Night
512,01-11-2023,Panipuri,Fastfood,20.0,3,60,Cash,Mrs.,Afternoon
513,16-07-2022,Cold coffee,Beverages,40.0,5,200,Cash,Mrs.,Night
514,24-08-2022,Cold coffee,Beverages,40.0,8,320,Online,Mrs.,Evening
515,11-02-2022,Sandwich,Fastfood,60.0,7,420,Cash,Mrs.,Night
516,22-09-2022,Sugarcane juice,Beverages,25.0,12,300,Online,Mrs.,Midnight
517,07-02-2022,Panipuri,Fastfood,20.0,13,260,Online,Mr.,Evening
518,12-09-2022,Aalopuri,Fastfood,20.0,6,120,Cash,Mrs.,Morning
519,25-11-2022,Cold coffee,Beverages,40.0,10,400,Cash,Mr.,Morning
521,27-01-2023,Panipuri,Fastfood,20.0,14,280,Online,Mr.,Morning
522,29-12-2022,Panipuri,Fastfood,20.0,13,260,Cash,Mrs.,Midnight
523,11-03-2022,Frankie,Fastfood,50.0,6,300,Cash,Mr.,Afternoon
524,05-01-2022,Aalopuri,Fastfood,20.0,13,260,Online,Mr.,Afternoon
525,05-04-2022,Vadapav,Fastfood,20.0,3,60,Cash,Mr.,Midnight
527,01-06-2023,Sugarcane juice,Beverages,25.0,6,150,Cash,Mrs.,Afternoon
528,07-01-2022,Sugarcane juice,Beverages,25.0,7,175,Cash,Mrs.,Midnight
529,15-05-2022,Aalopuri,Fastfood,20.0,12,240,Cash,Mrs.,Afternoon
530,27-07-2022,Panipuri,Fastfood,20.0,6,120,Cash,Mrs.,Night
531,10-04-2022,Cold coffee,Beverages,40.0,10,400,Cash,Mr.,Night
532,27-03-2023,Panipuri,Fastfood,20.0,13,260,Online,Mrs.,Midnight
533,02-05-2023,Frankie,Fastfood,50.0,2,100,Cash,Mrs.,Night
534,16-05-2022,Vadapav,Fastfood,20.0,2,40,Online,Mrs.,Night
538,06-05-2022,Panipuri,Fastfood,20.0,7,140,Online,Mr.,Morning
539,09-07-2022,Panipuri,Fastfood,20.0,3,60,Online,Mr.,Evening
540,27-05-2022,Vadapav,Fastfood,20.0,13,260,Cash,Mr.,Afternoon
542,08-04-2022,Sugarcane juice,Beverages,25.0,9,225,Cash,Mr.,Evening
543,04-10-2022,Aalopuri,Fastfood,20.0,15,300,Cash,Mrs.,Evening
544,14-12-2022,Sandwich,Fastfood,60.0,15,900,Online,Mrs.,Morning
545,01-01-2023,Sandwich,Fastfood,60.0,13,780,Online,Mrs.,Midnight
546,07-09-2022,Aalopuri,Fastfood,20.0,1,20,Cash,Mrs.,Midnight
547,14-05-2022,Cold coffee,Beverages,40.0,10,400,Online,Mr.,Morning
548,29-03-2023,Cold coffee,Beverages,40.0,14,560,Cash,Mr.,Afternoon
549,15-04-2022,Sugarcane juice,Beverages,25.0,3,75,Online,Mr.,Afternoon
550,15-11-2022,Cold coffee,Beverages,40.0,15,600,Online,Mr.,Afternoon
551,30-07-2022,Sugarcane juice,Beverages,25.0,7,175,Cash,Mr.,Evening
552,09-12-2022,Sugarcane juice,Beverages,25.0,15,375,Cash,Mrs.,Midnight
557,30-06-2022,Sandwich,Fastfood,60.0,2,120,Cash,Mrs.,Evening
558,10-01-2022,Panipuri,Fastfood,20.0,5,100,Online,Mr.,Morning
559,31-08-2022,Cold coffee,Beverages,40.0,5,200,Online,Mrs.,Night
560,12-10-2022,Sugarcane juice,Beverages,25.0,1,25,Cash,Mr.,Evening
561,13-06-2022,Panipuri,Fastfood,20.0,1,20,Cash,Mrs.,Midnight
562,08-09-2022,Frankie,Fastfood,50.0,4,200,Cash,Mr.,Afternoon
563,13-10-2022,Frankie,Fastfood,50.0,7,350,Online,Mrs.,Evening
564,27-09-2022,Cold coffee,Beverages,40.0,2,80,Cash,Mr.,Morning
565,27-09-2022,Panipuri,Fastfood,20.0,15,300,Cash,Mr.,Evening
566,19-07-2022,Frankie,Fastfood,50.0,3,150,Cash,Mr.,Evening
567,16-10-2022,Cold coffee,Beverages,40.0,7,280,Online,Mrs.,Afternoon
568,29-12-2022,Panipuri,Fastfood,20.0,12,240,Cash,Mrs.,Afternoon
569,01-02-2023,Cold coffee,Beverages,40.0,15,600,Online,Mrs.,Midnight
570,15-09-2022,Sugarcane juice,Beverages,25.0,4,100,Cash,Mr.,Morning
571,28-11-2022,Sugarcane juice,Beverages,25.0,1,25,Cash,Mrs.,Evening
572,04-02-2022,Sandwich,Fastfood,60.0,15,900,Cash,Mr.,Afternoon
573,09-07-2022,Frankie,Fastfood,50.0,2,100,Cash,Mr.,Afternoon
575,24-12-2022,Vadapav,Fastfood,20.0,1,20,Online,Mrs.,Midnight
576,23-03-2023,Panipuri,Fastfood,20.0,12,240,Cash,Mrs.,Afternoon
577,09-06-2022,Cold coffee,Beverages,40.0,7,280,Cash,Mr.,Evening
578,30-06-2022,Frankie,Fastfood,50.0,5,250,Online,Mrs.,Night
579,27-04-2022,Panipuri,Fastfood,20.0,2,40,Cash,Mr.,Evening
580,07-01-2022,Panipuri,Fastfood,20.0,10,200,Online,Mr.,Night
581,23-04-2022,Sugarcane juice,Beverages,25.0,13,325,Cash,Mr.,Afternoon
583,31-05-2022,Frankie,Fastfood,50.0,8,400,Cash,Mr.,Night
584,12-04-2022,Cold coffee,Beverages,40.0,15,600,Cash,Mr.,Morning
585,03-05-2023,Vadapav,Fastfood,20.0,11,220,Cash,Mrs.,Morning
586,22-05-2022,Sandwich,Fastfood,60.0,15,900,Online,Mr.,Night
588,16-06-2022,Frankie,Fastfood,50.0,11,550,Cash,Mrs.,Morning
590,27-03-2023,Panipuri,Fastfood,20.0,15,300,Online,Mr.,Midnight
591,10-01-2022,Sandwich,Fastfood,60.0,13,780,Cash,Mrs.,Morning
592,12-04-2022,Sugarcane juice,Beverages,25.0,7,175,Cash,Mr.,Morning
593,16-02-2023,Sugarcane juice,Beverages,25.0,9,225,Cash,Mrs.,Evening
594,20-01-2023,Frankie,Fastfood,50.0,6,300,Cash,Mrs.,Morning
595,22-02-2023,Frankie,Fastfood,50.0,9,450,Online,Mr.,Afternoon
596,26-04-2022,Cold coffee,Beverages,40.0,1,40,Online,Mrs.,Night
597,30-11-2022,Panipuri,Fastfood,20.0,10,200,Online,Mr.,Midnight
598,08-02-2022,Cold coffee,Beverages,40.0,8,320,Cash,Mrs.,Afternoon
599,10-03-2022,Frankie,Fastfood,50.0,13,650,Cash,Mr.,Morning
601,11-01-2022,Aalopuri,Fastfood,20.0,12,240,Online,Mr.,Morning
602,27-08-2022,Aalopuri,Fastfood,20.0,10,200,Cash,Mr.,Night
604,09-08-2022,Frankie,Fastfood,50.0,10,500,Cash,Mrs.,Night
605,04-04-2022,Cold coffee,Beverages,40.0,15,600,Cash,Mrs.,Afternoon
606,04-09-2022,Cold coffee,Beverages,40.0,6,240,Cash,Mrs.,Night
607,15-12-2022,Vadapav,Fastfood,20.0,9,180,Cash,Mrs.,Afternoon
608,28-02-2023,Aalopuri,Fastfood,20.0,1,20,Online,Mr.,Midnight
609,02-07-2023,Aalopuri,Fastfood,20.0,14,280,Cash,Mr.,Midnight
610,05-08-2022,Frankie,Fastfood,50.0,13,650,Online,Mrs.,Evening
611,25-06-2022,Aalopuri,Fastfood,20.0,2,40,Online,Mrs.,Morning
613,06-10-2022,Vadapav,Fastfood,20.0,5,100,Online,Mrs.,Night
614,19-12-2022,Vadapav,Fastfood,20.0,2,40,Cash,Mr.,Morning
615,14-08-2022,Sandwich,Fastfood,60.0,14,840,Cash,Mr.,Morning
616,15-07-2022,Vadapav,Fastfood,20.0,6,120,Online,Mrs.,Midnight
618,04-08-2022,Frankie,Fastfood,50.0,1,50,Online,Mr.,Evening
619,09-09-2022,Sugarcane juice,Beverages,25.0,4,100,Cash,Mrs.,Morning
620,14-09-2022,Panipuri,Fastfood,20.0,12,240,Online,Mrs.,Evening
621,13-02-2023,Aalopuri,Fastfood,20.0,2,40,Online,Mrs.,Evening
622,14-12-2022,Panipuri,Fastfood,20.0,13,260,Online,Mr.,Afternoon
623,04-02-2022,Cold coffee,Beverages,40.0,15,600,Cash,Mr.,Midnight
624,03-08-2023,Sandwich,Fastfood,60.0,9,540,Cash,Mrs.,Morning
625,17-06-2022,Sandwich,Fastfood,60.0,15,900,Online,Mr.,Morning
626,02-01-2023,Cold coffee,Beverages,40.0,15,600,Cash,Mr.,Night
627,22-06-2022,Sugarcane juice,Beverages,25.0,15,375,Online,Mr.,Afternoon
628,05-02-2022,Cold coffee,Beverages,40.0,10,400,Cash,Mrs.,Night
630,27-05-2022,Frankie,Fastfood,50.0,7,350,Cash,Mrs.,Morning
632,28-10-2022,Panipuri,Fastfood,20.0,9,180,Online,Mrs.,Night
633,24-05-2022,Cold coffee,Beverages,40.0,3,120,Online,Mr.,Evening
635,02-06-2023,Vadapav,Fastfood,20.0,15,300,Online,Mrs.,Night
636,26-04-2022,Cold coffee,Beverages,40.0,12,480,Cash,Mr.,Morning
637,14-05-2022,Aalopuri,Fastfood,20.0,7,140,Cash,Mr.,Midnight
638,20-08-2022,Cold coffee,Beverages,40.0,11,440,Online,Mrs.,Afternoon
639,26-01-2023,Vadapav,Fastfood,20.0,14,280,Cash,Mrs.,Morning
640,01-04-2023,Sandwich,Fastfood,60.0,15,900,Online,Mr.,Night
641,02-09-2023,Vadapav,Fastfood,20.0,15,300,Cash,Mr.,Afternoon
642,05-09-2022,Cold coffee,Beverages,40.0,10,400,Online,Mrs.,Morning
643,20-10-2022,Sugarcane juice,Beverages,25.0,2,50,Cash,Mr.,Afternoon
644,02-03-2023,Panipuri,Fastfood,20.0,5,100,Online,Mrs.,Evening
645,26-07-2022,Sandwich,Fastfood,60.0,9,540,Cash,Mrs.,Night
647,06-05-2022,Vadapav,Fastfood,20.0,3,60,Cash,Mr.,Afternoon
648,27-05-2022,Sandwich,Fastfood,60.0,7,420,Cash,Mr.,Night
649,11-05-2022,Frankie,Fastfood,50.0,9,450,Cash,Mr.,Midnight
650,04-07-2022,Sandwich,Fastfood,60.0,13,780,Online,Mrs.,Morning
651,07-11-2022,Sandwich,Fastfood,60.0,10,600,Online,Mrs.,Midnight
652,21-05-2022,Cold coffee,Beverages,40.0,13,520,Online,Mrs.,Afternoon
653,30-05-2022,Frankie,Fastfood,50.0,10,500,Online,Mrs.,Midnight
655,30-06-2022,Sugarcane juice,Beverages,25.0,12,300,Online,Mr.,Morning
656,28-11-2022,Sandwich,Fastfood,60.0,6,360,Online,Mrs.,Midnight
657,01-10-2023,Cold coffee,Beverages,40.0,7,280,Cash,Mr.,Midnight
658,10-10-2022,Aalopuri,Fastfood,20.0,12,240,Cash,Mrs.,Afternoon
659,21-01-2023,Panipuri,Fastfood,20.0,2,40,Online,Mr.,Afternoon
660,25-07-2022,Sandwich,Fastfood,60.0,9,540,Cash,Mrs.,Night
661,10-11-2022,Frankie,Fastfood,50.0,7,350,Online,Mrs.,Midnight
662,15-02-2023,Panipuri,Fastfood,20.0,3,60,Online,Mrs.,Afternoon
663,02-05-2023,Sugarcane juice,Beverages,25.0,1,25,Online,Mr.,Night
664,31-10-2022,Frankie,Fastfood,50.0,10,500,Online,Mrs.,Morning
665,05-06-2022,Aalopuri,Fastfood,20.0,14,280,Online,Mrs.,Evening
666,25-01-2023,Panipuri,Fastfood,20.0,9,180,Cash,Mr.,Evening
667,28-09-2022,Vadapav,Fastfood,20.0,3,60,Cash,Mrs.,Evening
668,05-11-2022,Aalopuri,Fastfood,20.0,4,80,Online,Mr.,Morning
669,18-03-2023,Sandwich,Fastfood,60.0,11,660,Online,Mr.,Evening
670,07-05-2022,Panipuri,Fastfood,20.0,15,300,Cash,Mr.,Night
671,10-09-2022,Sandwich,Fastfood,60.0,2,120,Online,Mr.,Afternoon
673,17-09-2022,Sandwich,Fastfood,60.0,12,720,Cash,Mr.,Midnight
675,17-04-2022,Sandwich,Fastfood,60.0,12,720,Cash,Mr.,Night
676,05-04-2022,Frankie,Fastfood,50.0,7,350,Cash,Mrs.,Evening
678,23-05-2022,Aalopuri,Fastfood,20.0,3,60,Online,Mr.,Evening
679,11-02-2022,Sandwich,Fastfood,60.0,12,720,Online,Mr.,Morning
680,20-04-2022,Cold coffee,Beverages,40.0,4,160,Cash,Mr.,Night
681,12-09-2022,Frankie,Fastfood,50.0,9,450,Online,Mrs.,Night
682,10-11-2022,Aalopuri,Fastfood,20.0,14,280,Online,Mr.,Midnight
683,08-12-2022,Frankie,Fastfood,50.0,15,750,Cash,Mr.,Midnight
684,18-09-2022,Vadapav,Fastfood,20.0,5,100,Cash,Mr.,Afternoon
685,20-05-2022,Aalopuri,Fastfood,20.0,3,60,Cash,Mrs.,Afternoon
686,25-11-2022,Cold coffee,Beverages,40.0,5,200,Cash,Mr.,Afternoon
687,18-12-2022,Vadapav,Fastfood,20.0,10,200,Cash,Mrs.,Midnight
688,14-05-2022,Frankie,Fastfood,50.0,5,250,Online,Mr.,Afternoon
689,13-08-2022,Vadapav,Fastfood,20.0,6,120,Cash,Mrs.,Afternoon
691,04-01-2022,Sandwich,Fastfood,60.0,7,420,Cash,Mrs.,Evening
692,13-01-2023,Frankie,Fastfood,50.0,14,700,Online,Mr.,Afternoon
693,29-11-2022,Sugarcane juice,Beverages,25.0,13,325,Online,Mrs.,Midnight
694,22-04-2022,Panipuri,Fastfood,20.0,14,280,Cash,Mr.,Midnight
695,24-08-2022,Panipuri,Fastfood,20.0,10,200,Online,Mrs.,Midnight
696,23-02-2023,Sugarcane juice,Beverages,25.0,3,75,Online,Mrs.,Evening
698,26-11-2022,Panipuri,Fastfood,20.0,10,200,Online,Mr.,Night
699,09-09-2022,Cold coffee,Beverages,40.0,1,40,Online,Mr.,Evening
700,15-11-2022,Frankie,Fastfood,50.0,6,300,Cash,Mrs.,Evening
701,19-07-2022,Sugarcane juice,Beverages,25.0,14,350,Online,Mrs.,Evening
702,25-03-2023,Cold coffee,Beverages,40.0,13,520,Cash,Mrs.,Afternoon
703,11-01-2022,Panipuri,Fastfood,20.0,10,200,Online,Mrs.,Afternoon
704,14-08-2022,Sandwich,Fastfood,60.0,1,60,Online,Mrs.,Evening
705,10-07-2022,Sandwich,Fastfood,60.0,6,360,Online,Mr.,Evening
706,02-05-2023,Frankie,Fastfood,50.0,8,400,Online,Mr.,Night
708,15-03-2023,Sandwich,Fastfood,60.0,5,300,Cash,Mrs.,Midnight
709,22-02-2023,Cold coffee,Beverages,40.0,6,240,Cash,Mr.,Morning
710,15-03-2023,Sandwich,Fastfood,60.0,15,900,Cash,Mr.,Night
711,30-10-2022,Aalopuri,Fastfood,20.0,3,60,Cash,Mr.,Afternoon
712,17-12-2022,Vadapav,Fastfood,20.0,3,60,Online,Mrs.,Midnight
713,12-02-2022,Sugarcane juice,Beverages,25.0,14,350,Online,Mrs.,Morning
714,14-12-2022,Sugarcane juice,Beverages,25.0,14,350,Cash,Mr.,Afternoon
715,04-12-2022,Sandwich,Fastfood,60.0,1,60,Online,Mr.,Morning
716,12-03-2022,Panipuri,Fastfood,20.0,9,180,Cash,Mrs.,Midnight
717,10-11-2022,Sugarcane juice,Beverages,25.0,15,375,Cash,Mrs.,Evening
718,28-12-2022,Aalopuri,Fastfood,20.0,2,40,Online,Mr.,Afternoon
720,05-10-2022,Frankie,Fastfood,50.0,14,700,Cash,Mrs.,Morning
721,13-08-2022,Panipuri,Fastfood,20.0,12,240,Cash,Mr.,Afternoon
722,14-09-2022,Vadapav,Fastfood,20.0,15,300,Cash,Mr.,Midnight
723,16-02-2023,Cold coffee,Beverages,40.0,10,400,Online,Mr.,Evening
725,07-04-2022,Vadapav,Fastfood,20.0,6,120,Online,Mrs.,Afternoon
726,09-11-2022,Panipuri,Fastfood,20.0,1,20,Online,Mr.,Morning
727,25-08-2022,Aalopuri,Fastfood,20.0,5,100,Cash,Mrs.,Midnight
728,08-03-2022,Vadapav,Fastfood,20.0,1,20,Online,Mr.,Midnight
730,28-06-2022,Frankie,Fastfood,50.0,13,650,Cash,Mrs.,Afternoon
731,03-09-2023,Frankie,Fastfood,50.0,10,500,Cash,Mrs.,Afternoon
732,13-06-2022,Panipuri,Fastfood,20.0,7,140,Cash,Mrs.,Midnight
733,02-03-2023,Frankie,Fastfood,50.0,10,500,Cash,Mr.,Evening
734,10-07-2022,Frankie,Fastfood,50.0,7,350,Cash,Mr.,Evening
735,08-10-2022,Panipuri,Fastfood,20.0,11,220,Cash,Mr.,Morning
736,25-09-2022,Panipuri,Fastfood,20.0,13,260,Cash,Mr.,Afternoon
737,20-09-2022,Frankie,Fastfood,50.0,13,650,Online,Mrs.,Night
738,03-01-2023,Sandwich,Fastfood,60.0,4,240,Online,Mrs.,Morning
740,30-07-2022,Aalopuri,Fastfood,20.0,9,180,Cash,Mr.,Midnight
741,16-07-2022,Aalopuri,Fastfood,20.0,5,100,Online,Mr.,Afternoon
742,18-11-2022,Panipuri,Fastfood,20.0,14,280,Online,Mr.,Night
743,11-09-2022,Panipuri,Fastfood,20.0,1,20,Cash,Mr.,Morning
744,25-06-2022,Frankie,Fastfood,50.0,10,500,Cash,Mrs.,Morning
745,09-11-2022,Aalopuri,Fastfood,20.0,2,40,Online,Mr.,Evening
747,14-01-2023,Cold coffee,Beverages,40.0,3,120,Cash,Mrs.,Midnight
748,20-09-2022,Sandwich,Fastfood,60.0,14,840,Cash,Mrs.,Night
749,31-08-2022,Vadapav,Fastfood,20.0,11,220,Cash,Mr.,Morning
750,02-01-2023,Frankie,Fastfood,50.0,1,50,Online,Mr.,Evening
751,16-09-2022,Vadapav,Fastfood,20.0,2,40,Cash,Mr.,Afternoon
752,06-04-2022,Panipuri,Fastfood,20.0,2,40,Online,Mrs.,Morning
753,26-06-2022,Sugarcane juice,Beverages,25.0,1,25,Cash,Mr.,Midnight
754,29-12-2022,Sugarcane juice,Beverages,25.0,14,350,Cash,Mrs.,Evening
756,21-10-2022,Sugarcane juice,Beverages,25.0,10,250,Online,Mrs.,Morning
757,25-12-2022,Sugarcane juice,Beverages,25.0,11,275,Online,Mr.,Morning
758,25-09-2022,Vadapav,Fastfood,20.0,3,60,Cash,Mrs.,Evening
759,25-12-2022,Sugarcane juice,Beverages,25.0,13,325,Online,Mr.,Midnight
760,14-11-2022,Sugarcane juice,Beverages,25.0,1,25,Online,Mrs.,Evening
761,11-12-2022,Sandwich,Fastfood,60.0,3,180,Cash,Mrs.,Midnight
762,04-09-2022,Vadapav,Fastfood,20.0,12,240,Online,Mrs.,Midnight
763,07-04-2022,Vadapav,Fastfood,20.0,14,280,Cash,Mrs.,Night
765,15-06-2022,Sandwich,Fastfood,60.0,13,780,Cash,Mr.,Night
766,19-06-2022,Sandwich,Fastfood,60.0,10,600,Online,Mrs.,Morning
767,26-02-2023,Frankie,Fastfood,50.0,8,400,Cash,Mrs.,Afternoon
768,01-12-2023,Sandwich,Fastfood,60.0,14,840,Cash,Mr.,Afternoon
769,06-07-2022,Frankie,Fastfood,50.0,8,400,Cash,Mr.,Morning
771,15-08-2022,Panipuri,Fastfood,20.0,5,100,Online,Mrs.,Midnight
772,20-03-2023,Cold coffee,Beverages,40.0,9,360,Cash,Mr.,Evening
773,14-08-2022,Cold coffee,Beverages,40.0,7,280,Online,Mr.,Afternoon
774,15-03-2023,Vadapav,Fastfood,20.0,1,20,Online,Mrs.,Night
775,27-03-2023,Sandwich,Fastfood,60.0,6,360,Cash,Mr.,Night
777,23-10-2022,Panipuri,Fastfood,20.0,13,260,Cash,Mr.,Morning
779,16-01-2023,Sandwich,Fastfood,60.0,13,780,Cash,Mr.,Night
780,27-11-2022,Sugarcane juice,Beverages,25.0,13,325,Online,Mrs.,Afternoon
781,27-05-2022,Aalopuri,Fastfood,20.0,10,200,Online,Mr.,Midnight
782,16-12-2022,Aalopuri,Fastfood,20.0,5,100,Online,Mr.,Night
783,29-04-2022,Aalopuri,Fastfood,20.0,8,160,Cash,Mr.,Morning
784,07-09-2022,Vadapav,Fastfood,20.0,8,160,Cash,Mrs.,Morning
786,13-03-2023,Sandwich,Fastfood,60.0,14,840,Online,Mrs.,Night
787,25-03-2023,Aalopuri,Fastfood,20.0,2,40,Cash,Mrs.,Afternoon
788,13-08-2022,Sugarcane juice,Beverages,25.0,7,175,Online,Mr.,Afternoon
789,08-03-2022,Sugarcane juice,Beverages,25.0,7,175,Cash,Mr.,Morning
790,20-07-2022,Panipuri,Fastfood,20.0,3,60,Cash,Mrs.,Evening
791,04-07-2022,Vadapav,Fastfood,20.0,3,60,Cash,Mr.,Midnight
792,25-02-2023,Vadapav,Fastfood,20.0,2,40,Cash,Mrs.,Morning
793,30-08-2022,Sandwich,Fastfood,60.0,6,360,Cash,Mrs.,Night
794,10-02-2022,Sugarcane juice,Beverages,25.0,5,125,Online,Mr.,Afternoon
795,01-10-2023,Vadapav,Fastfood,20.0,9,180,Cash,Mr.,Evening
796,25-06-2022,Sugarcane juice,Beverages,25.0,14,350,Online,Mr.,Night
798,22-05-2022,Frankie,Fastfood,50.0,12,600,Cash,Mr.,Night
799,01-11-2023,Panipuri,Fastfood,20.0,1,20,Online,Mrs.,Night
802,23-01-2023,Sandwich,Fastfood,60.0,7,420,Online,Mrs.,Afternoon
804,10-11-2022,Cold coffee,Beverages,40.0,12,480,Online,Mrs.,Night
805,05-08-2022,Sugarcane juice,Beverages,25.0,1,25,Online,Mr.,Afternoon
806,23-05-2022,Vadapav,Fastfood,20.0,3,60,Online,Mr.,Evening
807,13-06-2022,Frankie,Fastfood,50.0,1,50,Online,Mrs.,Midnight
808,21-09-2022,Panipuri,Fastfood,20.0,1,20,Online,Mr.,Morning
809,12-12-2022,Panipuri,Fastfood,20.0,10,200,Online,Mr.,Evening
810,27-12-2022,Vadapav,Fastfood,20.0,3,60,Online,Mr.,Morning
811,03-02-2023,Aalopuri,Fastfood,20.0,13,260,Cash,Mr.,Afternoon
812,08-08-2022,Panipuri,Fastfood,20.0,5,100,Cash,Mr.,Afternoon
813,13-10-2022,Panipuri,Fastfood,20.0,10,200,Online,Mr.,Afternoon
814,10-05-2022,Vadapav,Fastfood,20.0,13,260,Cash,Mrs.,Midnight
815,20-04-2022,Cold coffee,Beverages,40.0,12,480,Online,Mrs.,Afternoon
816,01-11-2023,Sugarcane juice,Beverages,25.0,11,275,Cash,Mr.,Morning
818,28-02-2023,Frankie,Fastfood,50.0,6,300,Cash,Mr.,Night
819,10-12-2022,Vadapav,Fastfood,20.0,10,200,Cash,Mr.,Evening
820,24-02-2023,Aalopuri,Fastfood,20.0,3,60,Cash,Mr.,Midnight
821,24-07-2022,Aalopuri,Fastfood,20.0,12,240,Cash,Mrs.,Midnight
822,17-06-2022,Panipuri,Fastfood,20.0,12,240,Online,Mr.,Morning
823,13-02-2023,Panipuri,Fastfood,20.0,11,220,Online,Mr.,Midnight
824,18-01-2023,Vadapav,Fastfood,20.0,2,40,Online,Mrs.,Evening
825,30-10-2022,Panipuri,Fastfood,20.0,14,280,Cash,Mrs.,Morning
826,12-02-2022,Sandwich,Fastfood,60.0,15,900,Cash,Mrs.,Night
827,01-06-2023,Sandwich,Fastfood,60.0,12,720,Cash,Mr.,Midnight
828,18-08-2022,Panipuri,Fastfood,20.0,6,120,Cash,Mr.,Evening
830,28-11-2022,Cold coffee,Beverages,40.0,9,360,Cash,Mr.,Night
832,06-06-2022,Sugarcane juice,Beverages,25.0,4,100,Cash,Mr.,Morning
833,09-01-2022,Panipuri,Fastfood,20.0,2,40,Online,Mrs.,Evening
834,25-05-2022,Sugarcane juice,Beverages,25.0,14,350,Cash,Mr.,Evening
835,27-09-2022,Sugarcane juice,Beverages,25.0,7,175,Online,Mr.,Afternoon
836,31-08-2022,Vadapav,Fastfood,20.0,2,40,Cash,Mrs.,Midnight
837,19-05-2022,Aalopuri,Fastfood,20.0,7,140,Cash,Mr.,Midnight
838,31-07-2022,Cold coffee,Beverages,40.0,9,360,Online,Mrs.,Morning
841,02-03-2023,Vadapav,Fastfood,20.0,9,180,Cash,Mr.,Night
842,25-05-2022,Panipuri,Fastfood,20.0,2,40,Cash,Mrs.,Evening
843,07-04-2022,Sugarcane juice,Beverages,25.0,1,25,Cash,Mrs.,Morning
844,05-04-2022,Sugarcane juice,Beverages,25.0,13,325,Cash,Mr.,Morning
845,07-01-2022,Cold coffee,Beverages,40.0,6,240,Online,Mrs.,Evening
846,20-04-2022,Aalopuri,Fastfood,20.0,5,100,Online,Mr.,Afternoon
847,14-08-2022,Panipuri,Fastfood,20.0,11,220,Online,Mr.,Midnight
848,11-10-2022,Frankie,Fastfood,50.0,9,450,Cash,Mr.,Night
850,20-08-2022,Vadapav,Fastfood,20.0,3,60,Online,Mrs.,Afternoon
851,28-01-2023,Aalopuri,Fastfood,20.0,15,300,Online,Mrs.,Night
852,05-05-2022,Sugarcane juice,Beverages,25.0,8,200,Online,Mr.,Night
853,17-02-2023,Cold coffee,Beverages,40.0,3,120,Online,Mrs.,Midnight
854,14-10-2022,Cold coffee,Beverages,40.0,14,560,Online,Mrs.,Night
856,05-04-2022,Aalopuri,Fastfood,20.0,11,220,Cash,Mrs.,Night
857,11-08-2022,Sugarcane juice,Beverages,25.0,14,350,Online,Mrs.,Evening
858,22-11-2022,Cold coffee,Beverages,40.0,9,360,Cash,Mr.,Evening
859,10-08-2022,Sandwich,Fastfood,60.0,11,660,Cash,Mrs.,Midnight
861,24-01-2023,Sugarcane juice,Beverages,25.0,8,200,Cash,Mrs.,Night
863,09-08-2022,Frankie,Fastfood,50.0,9,450,Online,Mr.,Night
864,20-08-2022,Cold coffee,Beverages,40.0,9,360,Online,Mr.,Morning
865,23-01-2023,Sugarcane juice,Beverages,25.0,6,150,Cash,Mrs.,Night
866,13-08-2022,Frankie,Fastfood,50.0,10,500,Online,Mr.,Midnight
867,26-01-2023,Frankie,Fastfood,50.0,15,750,Cash,Mr.,Midnight
868,17-08-2022,Aalopuri,Fastfood,20.0,13,260,Cash,Mrs.,Evening
869,26-06-2022,Panipuri,Fastfood,20.0,9,180,Online,Mr.,Midnight
870,31-10-2022,Cold coffee,Beverages,40.0,5,200,Online,Mrs.,Afternoon
871,12-07-2022,Vadapav,Fastfood,20.0,14,280,Cash,Mrs.,Evening
872,14-07-2022,Sandwich,Fastfood,60.0,12,720,Cash,Mr.,Afternoon
874,05-09-2022,Cold coffee,Beverages,40.0,4,160,Cash,Mr.,Midnight
875,08-05-2022,Vadapav,Fastfood,20.0,15,300,Cash,Mr.,Evening
876,06-10-2022,Cold coffee,Beverages,40.0,8,320,Online,Mrs.,Evening
877,27-10-2022,Sugarcane juice,Beverages,25.0,14,350,Cash,Mrs.,Afternoon
878,08-12-2022,Sandwich,Fastfood,60.0,6,360,Online,Mr.,Evening
880,25-06-2022,Sugarcane juice,Beverages,25.0,5,125,Cash,Mrs.,Morning
881,25-05-2022,Sandwich,Fastfood,60.0,2,120,Cash,Mr.,Midnight
882,23-04-2022,Panipuri,Fastfood,20.0,9,180,Online,Mr.,Morning
883,24-08-2022,Aalopuri,Fastfood,20.0,5,100,Online,Mrs.,Midnight
884,03-01-2023,Vadapav,Fastfood,20.0,12,240,Online,Mr.,Night
885,16-10-2022,Sugarcane juice,Beverages,25.0,4,100,Cash,Mr.,Evening
887,24-10-2022,Aalopuri,Fastfood,20.0,3,60,Cash,Mr.,Morning
888,09-05-2022,Vadapav,Fastfood,20.0,8,160,Cash,Mr.,Evening
889,04-12-2022,Vadapav,Fastfood,20.0,10,200,Online,Mr.,Midnight
890,03-03-2023,Sugarcane juice,Beverages,25.0,5,125,Cash,Mrs.,Morning
891,27-12-2022,Cold coffee,Beverages,40.0,11,440,Cash,Mr.,Midnight
892,14-07-2022,Sugarcane juice,Beverages,25.0,7,175,Online,Mrs.,Evening
893,13-07-2022,Sugarcane juice,Beverages,25.0,12,300,Cash,Mrs.,Afternoon
895,01-03-2023,Sugarcane juice,Beverages,25.0,11,275,Cash,Mr.,Afternoon
896,30-10-2022,Aalopuri,Fastfood,20.0,13,260,Cash,Mr.,Night
897,22-08-2022,Aalopuri,Fastfood,20.0,6,120,Online,Mr.,Morning
898,03-02-2023,Frankie,Fastfood,50.0,8,400,Cash,Mr.,Afternoon
900,12-07-2022,Sugarcane juice,Beverages,25.0,9,225,Online,Mr.,Afternoon
901,24-12-2022,Vadapav,Fastfood,20.0,7,140,Online,Mrs.,Morning
902,23-11-2022,Frankie,Fastfood,50.0,4,200,Online,Mr.,Afternoon
903,01-01-2023,Aalopuri,Fastfood,20.0,15,300,Online,Mr.,Night
904,03-12-2023,Aalopuri,Fastfood,20.0,4,80,Cash,Mrs.,Midnight
905,13-12-2022,Frankie,Fastfood,50.0,15,750,Cash,Mrs.,Midnight
906,04-04-2022,Sandwich,Fastfood,60.0,15,900,Cash,Mr.,Afternoon
907,19-10-2022,Cold coffee,Beverages,40.0,4,160,Cash,Mrs.,Midnight
908,03-06-2023,Sandwich,Fastfood,60.0,7,420,Cash,Mrs.,Night
910,10-09-2022,Panipuri,Fastfood,20.0,1,20,Cash,Mrs.,Afternoon
911,04-09-2022,Sandwich,Fastfood,60.0,1,60,Cash,Mr.,Evening
913,15-02-2023,Frankie,Fastfood,50.0,15,750,Online,Mr.,Evening
914,03-01-2023,Sandwich,Fastfood,60.0,14,840,Cash,Mr.,Night
915,10-07-2022,Cold coffee,Beverages,40.0,7,280,Online,Mr.,Afternoon
916,17-11-2022,Cold coffee,Beverages,40.0,15,600,Cash,Mrs.,Afternoon
917,15-05-2022,Vadapav,Fastfood,20.0,15,300,Online,Mr.,Evening
918,11-12-2022,Panipuri,Fastfood,20.0,6,120,Cash,Mr.,Evening
920,07-12-2022,Frankie,Fastfood,50.0,13,650,Online,Mr.,Evening
921,21-09-2022,Vadapav,Fastfood,20.0,14,280,Cash,Mr.,Midnight
922,13-06-2022,Frankie,Fastfood,50.0,5,250,Online,Mrs.,Evening
923,30-05-2022,Cold coffee,Beverages,40.0,3,120,Online,Mr.,Morning
924,17-12-2022,Panipuri,Fastfood,20.0,14,280,Cash,Mr.,Afternoon
925,04-10-2022,Frankie,Fastfood,50.0,4,200,Online,Mrs.,Afternoon
926,27-02-2023,Frankie,Fastfood,50.0,15,750,Cash,Mrs.,Afternoon
927,12-02-2022,Cold coffee,Beverages,40.0,6,240,Cash,Mrs.,Evening
929,06-06-2022,Frankie,Fastfood,50.0,9,450,Online,Mrs.,Night
930,27-11-2022,Sugarcane juice,Beverages,25.0,10,250,Online,Mr.,Night
931,26-06-2022,Aalopuri,Fastfood,20.0,15,300,Cash,Mr.,Afternoon
932,18-10-2022,Sandwich,Fastfood,60.0,9,540,Online,Mr.,Afternoon
933,21-01-2023,Sugarcane juice,Beverages,25.0,15,375,Online,Mrs.,Afternoon
934,19-09-2022,Cold coffee,Beverages,40.0,4,160,Cash,Mrs.,Afternoon
935,17-02-2023,Sandwich,Fastfood,60.0,12,720,Cash,Mr.,Midnight
936,08-10-2022,Panipuri,Fastfood,20.0,2,40,Cash,Mr.,Midnight
938,08-10-2022,Sugarcane juice,Beverages,25.0,14,350,Cash,Mr.,Evening
939,19-02-2023,Vadapav,Fastfood,20.0,15,300,Online,Mr.,Midnight
940,02-07-2023,Sugarcane juice,Beverages,25.0,14,350,Online,Mrs.,Midnight
941,02-10-2023,Cold coffee,Beverages,40.0,10,400,Online,Mrs.,Morning
942,20-07-2022,Frankie,Fastfood,50.0,6,300,Cash,Mr.,Night
944,05-12-2022,Aalopuri,Fastfood,20.0,2,40,Cash,Mr.,Midnight
945,15-05-2022,Cold coffee,Beverages,40.0,2,80,Online,Mrs.,Afternoon
946,21-02-2023,Sandwich,Fastfood,60.0,8,480,Cash,Mr.,Midnight
948,16-01-2023,Sandwich,Fastfood,60.0,10,600,Online,Mr.,Evening
949,01-07-2023,Panipuri,Fastfood,20.0,1,20,Cash,Mrs.,Evening
950,25-09-2022,Frankie,Fastfood,50.0,6,300,Online,Mrs.,Evening
951,11-11-2022,Panipuri,Fastfood,20.0,11,220,Cash,Mrs.,Afternoon
952,24-09-2022,Aalopuri,Fastfood,20.0,14,280,Cash,Mrs.,Evening
953,11-10-2022,Sandwich,Fastfood,60.0,2,120,Online,Mrs.,Afternoon
954,31-01-2023,Aalopuri,Fastfood,20.0,3,60,Cash,Mrs.,Midnight
955,27-01-2023,Sugarcane juice,Beverages,25.0,7,175,Online,Mr.,Afternoon
956,30-04-2022,Frankie,Fastfood,50.0,13,650,Online,Mr.,Morning
958,22-05-2022,Sandwich,Fastfood,60.0,11,660,Online,Mrs.,Night
960,08-12-2022,Sugarcane juice,Beverages,25.0,15,375,Online,Mrs.,Evening
961,14-03-2023,Frankie,Fastfood,50.0,13,650,Cash,Mr.,Night
962,18-05-2022,Frankie,Fastfood,50.0,13,650,Online,Mrs.,Afternoon
963,10-05-2022,Vadapav,Fastfood,20.0,6,120,Cash,Mrs.,Morning
964,05-07-2022,Cold coffee,Beverages,40.0,8,320,Cash,Mr.,Evening
965,10-08-2022,Frankie,Fastfood,50.0,5,250,Online,Mrs.,Night
966,19-03-2023,Panipuri,Fastfood,20.0,11,220,Online,Mrs.,Morning
967,29-06-2022,Cold coffee,Beverages,40.0,14,560,Cash,Mr.,Afternoon
968,08-09-2022,Cold coffee,Beverages,40.0,15,600,Cash,Mrs.,Morning
969,11-06-2022,Cold coffee,Beverages,40.0,11,440,Cash,Mr.,Morning
970,21-11-2022,Aalopuri,Fastfood,20.0,5,100,Online,Mrs.,Afternoon
971,10-02-2022,Frankie,Fastfood,50.0,2,100,Cash,Mrs.,Morning
973,06-07-2022,Sugarcane juice,Beverages,25.0,1,25,Cash,Mrs.,Morning
974,28-01-2023,Vadapav,Fastfood,20.0,13,260,Online,Mr.,Afternoon
975,15-01-2023,Aalopuri,Fastfood,20.0,1,20,Cash,Mr.,Midnight
976,17-04-2022,Sugarcane juice,Beverages,25.0,11,275,Cash,Mrs.,Morning
977,01-05-2023,Aalopuri,Fastfood,20.0,1,20,Cash,Mr.,Evening
978,10-08-2022,Frankie,Fastfood,50.0,2,100,Online,Mr.,Night
979,21-05-2022,Aalopuri,Fastfood,20.0,13,260,Cash,Mrs.,Midnight
980,20-06-2022,Vadapav,Fastfood,20.0,9,180,Online,Mr.,Morning
981,22-01-2023,Panipuri,Fastfood,20.0,15,300,Online,Mr.,Midnight
982,30-03-2023,Sugarcane juice,Beverages,25.0,14,350,Cash,Mrs.,Night
983,17-03-2023,Cold coffee,Beverages,40.0,10,400,Cash,Mrs.,Night
984,01-07-2023,Frankie,Fastfood,50.0,3,150,Cash,Mr.,Afternoon
985,14-06-2022,Frankie,Fastfood,50.0,1,50,Cash,Mrs.,Afternoon
986,30-04-2022,Sugarcane juice,Beverages,25.0,13,325,Online,Mr.,Night
987,01-04-2023,Vadapav,Fastfood,20.0,3,60,Cash,Mrs.,Evening
988,01-03-2023,Frankie,Fastfood,50.0,13,650,Cash,Mrs.,Night
990,24-11-2022,Vadapav,Fastfood,20.0,10,200,Online,Mrs.,Morning
991,18-01-2023,Sandwich,Fastfood,60.0,7,420,Cash,Mrs.,Night
993,17-07-2022,Frankie,Fastfood,50.0,3,150,Online,Mrs.,Night
994,11-01-2022,Panipuri,Fastfood,20.0,2,40,Online,Mrs.,Evening
995,18-06-2022,Sugarcane juice,Beverages,25.0,1,25,Online,Mr.,Night
996,19-03-2023,Frankie,Fastfood,50.0,10,500,Cash,Mrs.,Evening
997,20-09-2022,Sandwich,Fastfood,60.0,7,420,Cash,Mr.,Evening
999,27-08-2022,Panipuri,Fastfood,20.0,5,100,Cash,Mrs.,Afternoon
1000,29-05-2022,Aalopuri,Fastfood,20.0,3,60,Online,Mrs.,Midnight
